date,4919,2441,6531,2458,3532,3034,2330,2379,2451,2481
2017-12-04,54.73,38.89,71.38,37.04,95.25,81.04,202.46,87.95,59.19,27.58
2017-12-05,50.4,38.44,71.03,36.66,89.18,80.34,198.56,86.73,58.84,25.95
2017-12-06,49.61,38.67,71.21,36.63,86.33,78.59,196.4,83.49,58.55,24.84
2017-12-07,47.09,38.89,70.67,36.7,86.5,78.24,195.97,82.27,58.13,24.58
2017-12-08,49.77,38.74,74.05,36.21,84.85,78.94,196.4,84.71,57.56,25.42
2017-12-11,50.95,39.12,74.67,37.08,86.59,79.99,196.83,84.3,57.77,24.84
2017-12-12,49.53,38.97,74.49,37.16,85.2,79.64,196.83,84.71,57.49,24.76
2017-12-13,50.71,38.97,74.58,37.57,84.85,78.59,196.4,86.33,57.14,24.93
2017-12-14,50.4,38.74,75.11,37.01,83.21,80.69,199.43,85.11,57.56,24.45
2017-12-15,50.16,38.89,75.2,36.66,81.91,78.24,199.0,83.08,58.48,24.71
2017-12-18,49.14,39.88,76.36,37.76,82.26,78.94,196.4,84.71,58.06,24.36
2017-12-19,49.22,39.5,75.11,37.27,82.95,79.29,194.67,83.49,57.28,23.56
2017-12-20,49.53,39.5,75.47,37.2,83.82,79.29,194.24,83.89,57.49,25.07
2017-12-21,49.38,39.5,82.22,37.04,82.86,78.59,194.67,83.49,57.77,25.2
2017-12-22,49.93,39.42,82.04,36.74,81.56,79.29,196.83,85.52,57.84,24.58
2017-12-25,48.98,39.27,84.35,36.02,78.36,79.64,197.7,87.95,58.2,24.62
2017-12-26,46.54,39.2,80.26,34.8,76.28,78.94,195.54,86.73,58.06,23.83
2017-12-27,46.62,39.35,81.68,34.96,74.9,78.94,194.67,87.54,58.06,26.21
2017-12-28,47.56,39.35,82.48,35.3,82.0,80.34,195.54,87.95,58.27,26.61
2017-12-29,50.4,39.35,83.01,34.99,83.47,79.29,198.56,88.35,58.62,26.48
2018-01-02,50.48,39.57,82.3,34.35,80.27,80.34,201.16,88.35,58.77,28.6
2018-01-03,50.79,39.72,82.22,34.92,87.89,80.69,205.05,88.76,58.62,29.61
2018-01-04,53.31,39.72,85.32,34.61,86.59,81.39,207.22,89.57,58.62,31.16
2018-01-05,53.08,39.88,83.28,34.84,95.25,82.08,207.65,91.19,58.98,31.91
2018-01-08,51.19,39.72,81.24,33.97,99.14,81.04,209.38,91.19,59.05,30.32
2018-01-09,51.19,39.65,81.33,34.58,98.71,80.69,209.38,91.19,59.33,29.96
2018-01-10,49.93,39.65,79.91,34.2,100.01,80.69,204.62,91.6,59.26,29.48
2018-01-11,50.56,39.8,79.73,33.32,100.01,81.04,203.32,92.41,58.62,30.1
2018-01-12,51.9,41.01,79.02,33.78,100.01,81.39,205.05,93.22,58.27,30.58
2018-01-15,53.0,40.93,80.71,34.39,100.01,84.18,207.65,93.22,58.48,33.63
2018-01-16,52.6,40.86,80.35,34.65,100.01,88.02,208.08,96.05,58.84,34.02
2018-01-17,52.13,40.86,79.91,34.54,100.01,88.37,209.38,96.46,59.12,35.04
2018-01-18,53.63,40.78,78.84,34.54,109.97,89.42,215.0,96.86,59.05,34.33
2018-01-19,52.92,40.71,77.69,34.31,112.56,86.28,221.06,96.05,59.4,35.21
2018-01-22,52.13,41.24,78.58,35.45,123.82,87.32,226.25,98.08,59.9,34.77
2018-01-23,51.82,41.24,79.91,35.03,121.22,87.32,230.14,98.08,59.76,33.8
2018-01-24,51.74,41.31,79.2,34.8,121.65,86.97,223.22,98.89,60.11,34.16
2018-01-25,51.58,41.31,79.46,34.77,116.03,85.93,223.22,99.7,60.18,33.45
2018-01-26,54.26,41.31,79.29,35.03,109.97,87.67,220.63,102.13,60.11,34.38
2018-01-29,59.61,41.61,79.55,35.34,112.56,86.63,223.66,100.92,60.11,33.76
2018-01-30,59.3,41.99,78.4,35.6,114.29,85.23,218.9,98.49,60.04,32.57
2018-01-31,59.93,42.82,78.31,35.07,114.29,85.58,220.63,94.43,59.76,32.17
2018-02-01,58.51,41.76,86.12,35.11,113.43,85.58,224.52,94.03,59.9,32.3
2018-02-02,56.38,42.29,82.93,36.44,114.29,91.17,224.52,94.03,59.83,32.04
2018-02-05,58.04,42.52,80.26,34.99,110.83,91.52,218.9,92.41,59.62,31.6
2018-02-06,53.08,40.93,75.02,32.41,100.01,86.97,206.78,87.54,57.92,28.55
2018-02-07,55.12,41.54,75.65,32.64,109.97,84.88,207.65,90.78,58.13,30.54
2018-02-08,55.36,41.24,73.25,33.78,106.5,85.23,206.35,91.6,58.06,29.3
2018-02-09,55.28,41.16,71.03,33.32,109.97,84.53,201.16,88.35,57.56,28.11
2018-02-12,53.39,41.16,71.21,32.91,109.1,84.53,204.62,89.97,58.06,29.92
2018-02-21,55.83,41.76,74.76,33.93,117.33,87.67,209.81,93.22,58.77,31.33
2018-02-22,56.7,41.84,76.09,33.48,116.03,88.02,207.22,91.19,59.12,31.46
2018-02-23,57.09,41.84,78.84,34.77,114.73,89.07,211.98,91.19,59.48,33.23
2018-02-26,58.51,42.22,85.23,34.5,115.16,90.12,213.27,93.62,60.25,33.23
2018-02-27,57.49,42.9,83.81,34.39,113.0,88.37,212.84,94.03,60.11,32.66
2018-03-01,57.88,43.35,83.01,33.89,112.56,89.42,210.25,93.62,60.04,34.77
2018-03-02,57.17,43.05,83.72,33.32,112.56,89.77,207.65,92.0,59.48,34.51
2018-03-05,56.54,43.05,82.13,32.79,112.56,89.42,208.95,91.19,58.98,33.1
2018-03-06,56.7,43.05,90.12,33.44,116.89,90.47,216.3,92.0,59.05,33.32
2018-03-07,54.97,42.97,87.9,33.55,116.46,90.12,213.71,91.6,59.05,33.36
2018-03-08,55.2,42.97,96.33,33.97,117.76,90.82,215.87,91.6,59.4,35.88
2018-03-09,55.91,43.27,90.12,34.16,119.49,91.52,216.73,92.41,60.96,34.77
2018-03-12,57.41,43.35,90.12,34.27,122.09,91.86,219.76,96.86,60.96,35.48
2018-03-13,58.27,43.5,91.45,34.5,120.36,94.31,224.09,96.86,61.18,35.17
2018-03-14,57.41,43.35,90.56,34.73,118.62,96.76,222.36,97.27,61.03,35.57
2018-03-15,60.4,43.2,95.0,34.61,118.62,96.41,220.63,99.7,60.82,35.04
2018-03-16,59.14,42.9,104.32,34.16,119.06,97.45,220.63,99.3,60.18,34.95
2018-03-19,59.38,42.9,104.77,34.46,119.49,96.41,220.63,99.7,60.89,35.7
2018-03-20,58.35,42.9,103.88,34.01,119.92,94.66,218.9,100.92,60.68,35.08
2018-03-21,58.67,42.9,103.44,34.84,116.46,93.61,218.46,101.32,60.4,37.07
2018-03-22,58.27,42.82,93.23,34.23,111.7,95.36,217.6,100.92,59.9,36.19
2018-03-23,56.7,42.59,86.83,33.36,107.8,92.91,211.98,97.67,60.33,34.86
2018-03-26,56.15,42.29,91.01,33.63,113.0,94.31,210.68,99.7,60.61,37.24
2018-03-27,56.62,42.37,90.56,34.42,110.83,94.66,217.17,100.11,60.75,40.95
2018-03-28,56.15,42.14,91.45,34.16,106.5,90.47,211.98,102.13,60.4,41.04
2018-03-29,55.68,41.91,94.11,33.59,108.67,92.21,211.11,101.73,60.96,42.67
2018-03-30,56.07,42.14,90.56,33.78,106.5,92.21,212.84,104.56,61.32,43.69
2018-03-31,56.23,43.27,89.23,33.59,101.74,92.56,214.14,105.38,61.25,43.95
2018-04-02,54.81,42.9,92.34,34.01,103.47,91.86,213.27,101.32,61.03,44.66
2018-04-03,54.57,42.59,91.01,33.48,103.47,89.77,211.11,103.75,61.39,48.98
2018-04-09,56.23,42.29,87.01,33.48,101.74,91.17,211.98,104.56,62.31,47.66
2018-04-10,54.81,42.59,86.3,33.4,101.74,91.17,212.41,104.97,61.74,46.25
2018-04-11,54.34,42.44,82.66,33.4,100.01,90.12,214.57,105.38,61.53,50.57
2018-04-12,53.55,42.52,80.71,33.13,97.84,89.77,211.98,105.78,61.32,49.34
2018-04-13,52.76,42.97,80.71,33.13,107.37,90.12,211.54,106.59,61.25,48.19
2018-04-16,52.29,42.9,78.13,33.55,107.8,88.02,210.68,107.4,60.25,46.51
2018-04-17,52.29,42.75,79.91,32.68,107.8,88.02,205.92,104.16,59.62,41.97
2018-04-18,50.32,42.75,77.87,34.54,108.67,87.67,205.92,103.75,59.9,43.29
2018-04-19,49.77,42.82,77.95,34.61,109.53,89.42,211.54,107.4,60.11,44.04
2018-04-20,47.72,42.82,75.47,34.54,108.67,88.72,198.13,103.75,59.76,44.13
2018-04-23,44.89,42.67,75.2,34.08,109.1,88.02,195.97,107.81,59.83,42.05
2018-04-24,43.08,42.22,70.32,33.02,98.71,86.97,196.4,102.13,59.55,42.14
2018-04-25,45.67,41.16,73.25,32.49,100.01,87.67,194.67,92.0,59.4,41.39
2018-04-26,43.78,40.18,70.14,32.6,96.54,86.63,192.08,91.6,59.05,42.19
2018-04-27,43.86,40.1,72.01,32.75,99.57,87.32,193.37,88.76,59.12,42.94
2018-04-30,43.47,40.63,71.47,32.79,101.74,87.32,196.4,91.6,59.33,44.57
2018-05-02,42.6,40.4,71.47,33.02,104.77,86.97,192.94,91.6,59.55,42.45
2018-05-03,44.18,40.25,70.67,33.17,104.34,85.23,190.78,90.78,59.12,42.81
2018-05-04,43.55,39.88,71.29,34.69,100.87,87.32,192.94,89.16,58.77,45.01
2018-05-07,45.12,40.03,70.67,34.16,103.04,84.88,193.37,89.16,59.05,47.66
2018-05-08,45.75,40.03,71.12,33.78,107.8,85.23,197.27,89.57,59.33,45.54
2018-05-09,44.81,40.03,68.63,34.61,109.1,93.26,198.56,90.38,59.26,45.1
2018-05-10,46.3,40.25,75.38,34.46,113.86,93.26,198.56,90.78,58.84,46.42
2018-05-11,46.7,40.56,73.69,34.54,125.12,95.36,201.59,92.0,58.98,44.66
2018-05-14,47.41,40.71,76.36,35.26,137.24,95.71,201.59,93.62,59.19,47.48
2018-05-15,46.38,40.56,77.69,35.15,134.21,95.71,199.43,94.84,58.98,52.16
2018-05-16,48.75,40.56,77.69,34.73,142.0,96.41,199.43,93.62,58.91,51.37
2018-05-17,47.25,40.78,78.22,34.54,135.08,96.41,195.97,92.81,59.33,50.57
2018-05-18,46.86,40.86,78.22,34.69,139.4,94.66,193.37,92.41,59.26,45.98
2018-05-21,48.19,40.71,80.62,34.46,134.64,95.36,198.13,94.03,59.76,44.66
2018-05-22,47.41,40.63,79.91,34.92,127.28,95.01,198.13,94.84,59.83,44.75
2018-05-23,46.86,40.63,79.82,34.92,134.64,95.36,197.7,93.62,60.18,44.22
2018-05-24,47.49,41.01,80.17,35.37,132.04,95.01,198.13,93.22,60.25,45.72
2018-05-25,48.19,41.01,79.82,35.94,132.04,95.71,197.7,93.62,60.33,47.48
2018-05-28,50.4,41.01,80.44,35.56,135.08,96.41,196.4,95.24,60.82,50.04
2018-05-29,51.34,41.01,77.33,35.41,147.63,95.01,194.67,92.41,60.75,50.48
2018-05-30,51.34,40.86,80.0,34.77,143.73,94.66,191.21,91.19,60.11,54.01
2018-05-31,52.45,41.01,79.46,36.82,144.6,94.66,193.81,92.81,60.89,53.48
2018-06-01,51.5,40.71,80.17,36.25,141.14,95.71,193.81,94.43,60.68,58.78
2018-06-04,53.08,40.71,79.2,37.42,139.4,96.06,198.13,95.65,61.6,56.84
2018-06-05,53.31,40.71,78.13,36.66,134.64,97.1,198.13,93.62,61.32,53.48
2018-06-06,53.94,40.71,78.58,36.93,136.37,99.2,199.0,93.22,61.81,53.48
2018-06-07,54.02,40.93,79.11,36.59,134.21,102.69,199.0,93.22,61.39,52.78
2018-06-08,54.34,40.93,78.13,36.82,131.61,101.65,196.4,92.41,60.96,52.6
2018-06-11,55.91,41.08,78.13,36.93,135.51,101.3,195.54,91.19,60.61,52.95
2018-06-12,55.68,41.16,78.75,37.08,136.37,100.25,198.13,89.97,60.75,57.46
2018-06-13,54.42,41.01,79.46,36.63,131.61,101.99,200.73,90.78,60.4,51.81
2018-06-14,53.94,41.01,79.82,36.06,130.75,101.3,195.97,89.97,60.18,52.6
2018-06-15,52.68,41.08,79.46,36.51,129.45,101.99,199.86,91.6,62.38,52.51
2018-06-19,51.19,41.08,78.93,35.94,122.09,98.85,194.67,92.41,62.1,50.31
2018-06-20,50.79,40.86,78.31,35.6,119.49,98.15,195.54,92.41,62.24,50.84
2018-06-21,52.6,40.86,78.13,36.25,123.39,99.2,195.97,92.41,61.74,51.01
2018-06-22,51.5,40.78,78.04,36.89,119.06,95.36,196.83,92.81,61.53,51.54
2018-06-25,49.61,40.63,77.42,40.23,120.79,96.06,195.49,91.6,60.75,50.04
2018-06-26,48.67,40.78,75.91,39.55,128.15,97.45,192.35,90.78,60.75,50.84
2018-06-27,48.27,41.08,75.91,38.79,122.52,95.36,191.01,90.78,60.61,50.84
2018-06-28,47.25,40.86,75.91,40.08,122.09,92.91,190.11,88.76,59.97,49.25
2018-06-29,49.61,40.86,76.36,39.55,124.25,96.06,194.14,89.97,59.97,50.31
2018-07-02,49.53,41.01,75.91,38.64,117.33,94.66,191.9,91.6,60.04,52.34
2018-07-03,47.41,41.01,76.09,38.18,113.43,95.01,192.35,90.38,59.62,54.28
2018-07-04,46.78,40.86,75.47,39.85,113.0,96.76,193.7,90.78,60.3,52.34
2018-07-05,46.86,40.4,72.8,37.2,107.37,95.36,192.35,90.78,59.92,51.1
2018-07-06,47.72,40.25,76.36,37.88,117.76,95.71,194.59,92.0,58.93,48.98
2018-07-09,47.56,40.4,74.85,37.54,119.06,96.41,198.63,93.62,58.55,47.66
2018-07-10,48.27,40.03,75.02,38.41,126.85,97.8,199.08,94.43,60.15,46.25
2018-07-11,47.17,39.35,75.02,37.76,126.48,96.76,197.28,94.43,58.78,45.72
2018-07-12,47.56,39.35,74.94,38.79,126.92,99.41,197.73,96.46,58.93,46.42
2018-07-13,47.64,39.65,74.85,39.32,126.92,98.67,201.32,96.05,59.31,45.89
2018-07-16,47.64,39.65,75.11,39.02,135.7,100.51,200.42,95.65,59.08,43.82
2018-07-17,47.72,39.65,74.85,39.24,132.19,101.98,198.63,97.27,59.31,44.92
2018-07-18,48.04,39.65,76.27,38.64,129.99,106.03,199.97,98.08,60.69,40.47
2018-07-19,48.43,39.72,76.36,37.65,130.87,106.4,201.32,98.89,60.61,39.54
2018-07-20,48.19,39.65,75.65,38.03,129.55,105.3,212.98,100.11,60.23,38.39
2018-07-23,47.17,39.57,75.47,38.61,123.85,105.3,216.11,97.27,59.92,38.39
2018-07-24,47.72,39.72,75.29,38.57,129.12,105.66,216.11,97.67,60.15,39.67
2018-07-25,48.35,39.88,74.85,38.41,132.19,105.3,215.67,98.08,59.85,41.57
2018-07-26,48.67,40.33,75.2,37.61,130.43,106.4,216.11,98.49,60.0,42.05
2018-07-27,49.93,40.33,74.31,38.41,133.51,107.87,219.25,100.92,59.69,42.94
2018-07-30,49.61,40.25,74.22,38.13,128.24,107.87,220.15,99.7,59.62,41.0
2018-07-31,48.59,40.18,74.58,38.69,129.99,108.98,220.6,99.7,59.16,41.48
2018-08-01,50.4,40.1,74.14,38.25,128.24,105.66,222.39,99.3,59.16,40.91
2018-08-02,49.06,40.4,72.98,37.89,122.09,105.3,219.25,99.7,58.78,38.17
2018-08-03,49.85,40.56,72.89,38.49,121.65,105.3,221.49,109.43,58.85,39.8
2018-08-06,49.53,40.63,72.8,38.57,116.82,106.77,220.15,111.86,59.08,39.27
2018-08-07,49.22,40.93,71.92,38.25,121.21,104.56,216.56,110.24,59.31,39.98
2018-08-08,49.77,40.93,72.98,39.45,117.7,111.92,221.94,115.91,59.62,39.36
2018-08-09,49.14,40.93,72.98,40.26,115.94,113.76,221.49,116.32,59.46,39.45
2018-08-10,49.22,41.01,72.8,39.69,114.18,117.08,219.7,113.48,59.01,36.19
2018-08-13,47.09,40.63,71.56,40.1,106.28,114.13,215.67,109.83,58.47,33.05
2018-08-14,48.4,40.63,69.61,40.26,106.28,114.13,218.36,118.34,58.17,34.6
2018-08-15,48.56,40.56,64.81,40.1,102.77,110.45,216.56,109.02,57.71,33.01
2018-08-16,48.15,40.4,61.17,39.73,108.04,109.71,214.32,111.45,57.25,33.36
2018-08-17,47.0,40.4,60.37,40.9,103.64,110.08,214.77,110.64,57.17,32.7
2018-08-20,42.49,40.33,58.07,41.94,96.18,110.45,214.77,111.86,57.17,31.82
2018-08-21,42.0,40.18,60.02,41.94,98.81,111.92,216.11,113.48,57.25,32.83
2018-08-22,42.25,40.25,61.44,41.78,99.69,111.56,217.01,111.05,56.79,34.6
2018-08-23,42.66,40.33,60.91,41.94,97.06,111.92,219.25,113.08,56.79,33.45
2018-08-24,42.98,40.17,60.46,41.62,94.42,108.24,218.36,112.27,56.72,33.85
2018-08-27,43.89,40.25,64.32,42.5,99.25,111.19,219.7,115.1,56.64,34.95
2018-08-28,44.95,40.81,63.37,42.82,95.74,114.13,223.74,116.32,57.1,34.42
2018-08-29,44.62,41.21,64.51,42.66,97.06,113.03,232.26,118.34,57.1,36.1
2018-08-30,44.79,41.29,65.56,43.54,97.5,111.56,236.29,118.34,57.02,36.94
2018-08-31,46.1,41.85,65.75,43.46,96.62,110.82,229.57,120.78,56.72,36.76
2018-09-03,44.79,41.61,64.8,40.98,91.79,108.24,230.46,116.32,57.17,34.24
2018-09-04,44.87,41.45,64.32,42.1,94.42,106.77,230.91,118.34,57.17,35.61
2018-09-05,43.97,41.37,62.89,42.26,92.66,108.24,236.74,121.18,56.79,35.04
2018-09-06,42.25,41.29,63.37,42.66,95.3,113.03,234.05,119.92,56.41,33.71
2018-09-07,40.69,40.89,58.22,41.54,87.39,113.76,236.74,116.13,55.65,32.83
2018-09-10,38.72,40.25,55.27,39.94,78.7,115.24,237.19,116.55,54.96,29.57
2018-09-11,38.72,40.25,56.98,40.9,75.01,116.71,233.15,119.92,52.44,30.1
2018-09-12,36.38,40.17,56.22,41.3,69.65,107.51,233.6,114.03,52.44,29.96
2018-09-25,37.2,40.01,55.75,40.5,143.17,108.24,236.29,114.03,54.2,29.96
2018-09-26,36.75,40.25,55.27,39.98,143.17,107.51,236.29,112.77,53.59,29.7
2018-09-27,36.59,40.25,53.74,40.1,133.51,108.98,237.64,112.77,53.59,29.39
2018-09-28,36.38,40.33,51.46,40.74,131.75,111.19,235.39,114.45,53.43,28.55
2018-10-01,36.79,40.17,51.17,40.58,132.63,108.61,235.84,114.45,53.74,29.13
2018-10-02,36.59,39.53,52.7,39.73,130.43,106.03,230.91,108.14,53.43,29.48
2018-10-03,35.11,39.37,50.31,37.73,122.09,104.93,233.15,108.56,52.82,28.29
2018-10-04,33.8,38.65,48.69,37.97,126.04,107.51,227.77,106.45,52.21,28.02
2018-10-05,32.24,38.17,46.36,36.17,114.18,105.3,224.19,97.62,52.44,25.24
2018-10-08,32.89,37.09,46.69,35.81,103.64,97.93,218.36,93.41,51.91,23.21
2018-10-09,31.42,37.73,45.41,34.61,109.35,100.88,218.8,92.15,51.68,22.59
2018-10-22,32.16,34.17,41.5,41.86,103.64,102.72,212.53,93.41,50.15,21.09
2018-10-23,30.23,33.41,41.55,41.38,95.74,99.41,206.25,93.83,50.84,20.3
2018-10-24,29.74,32.57,40.79,43.62,92.66,101.25,205.8,94.25,50.76,20.34
2018-10-25,28.26,30.93,38.78,41.78,83.44,97.93,196.83,92.99,50.0,18.31
2018-10-26,27.56,30.73,38.4,42.1,80.89,97.93,198.18,91.73,49.92,17.92
2018-10-29,28.38,30.49,38.83,41.54,85.37,93.15,199.52,91.73,48.78,17.92
2018-10-30,27.77,30.21,39.98,41.86,84.5,99.41,199.97,95.09,48.93,18.53
2018-10-31,29.9,30.81,42.69,46.02,92.66,100.51,209.84,104.35,49.31,19.64
2018-11-01,30.93,32.25,42.6,50.58,99.69,101.61,211.18,107.72,49.92,20.87
2018-11-02,31.38,33.05,43.07,50.34,98.37,101.98,212.08,109.4,50.38,22.95
2018-11-05,31.42,32.57,41.79,50.9,102.77,101.98,210.73,106.88,51.75,22.73
2018-11-06,29.61,32.09,39.31,50.9,96.18,97.93,210.29,106.88,51.68,21.45
2018-11-07,31.09,32.73,40.59,52.74,104.96,97.93,209.84,107.3,51.68,22.77
2018-11-08,30.68,33.05,42.31,51.62,100.13,95.72,212.08,107.3,52.14,21.76
2018-11-09,30.43,32.97,42.69,51.7,101.01,98.3,207.15,104.35,51.53,21.01
2018-11-12,29.74,32.29,42.26,51.14,102.33,95.72,207.6,107.72,51.6,21.27
2018-11-13,29.74,32.41,42.02,52.82,102.77,95.72,204.01,104.35,50.91,21.31
2018-11-14,29.98,32.33,42.17,52.66,100.57,96.46,204.91,108.98,52.14,21.27
2018-11-15,29.61,32.89,42.26,52.26,102.33,94.99,207.15,108.98,52.67,21.58
2018-11-16,30.35,33.37,42.41,52.9,101.89,94.99,202.66,106.45,53.05,21.71
2018-11-19,31.5,33.61,44.5,53.06,104.52,94.99,199.08,106.45,53.74,22.64
2018-11-20,31.09,32.57,44.03,52.5,106.28,92.78,195.49,106.03,53.2,22.73
2018-11-21,31.17,32.29,44.03,51.86,110.23,93.52,196.39,105.19,53.43,22.55
2018-11-22,32.2,32.41,43.64,50.9,106.72,92.04,196.39,105.19,53.74,21.4
2018-11-23,31.38,32.33,42.79,50.58,105.84,92.78,195.94,105.61,53.36,20.7
2018-11-26,32.57,32.57,43.6,55.62,108.04,93.88,199.97,105.61,52.9,20.96
2018-11-27,34.08,32.77,44.03,55.3,112.43,94.25,200.87,106.03,52.82,21.89
2018-11-28,37.24,33.21,44.69,55.62,115.94,96.83,203.11,112.77,53.28,22.86
2018-11-29,40.36,33.37,45.55,56.26,122.97,93.52,205.35,118.66,53.13,25.11
2018-11-30,39.74,33.45,47.5,56.5,125.16,95.72,202.21,119.08,52.06,27.58
2018-12-03,39.74,34.21,49.93,58.42,131.75,105.3,210.73,124.55,53.43,28.15
2018-12-04,39.62,33.69,49.27,60.74,128.68,103.46,209.84,118.66,52.67,27.8
2018-12-05,37.65,33.17,48.41,60.5,122.53,104.56,202.66,117.82,52.21,26.7
2018-12-06,35.93,32.21,45.74,59.62,114.62,99.41,197.28,116.13,51.45,24.32
2018-12-07,35.11,32.25,46.41,59.06,122.09,101.25,198.18,116.55,51.45,24.8
2018-12-10,33.63,32.13,44.88,60.02,116.82,101.61,196.39,116.97,52.06,23.56
2018-12-11,34.49,31.57,44.84,61.14,117.26,100.88,199.52,114.87,51.6,23.83
2018-12-12,35.19,32.17,45.93,60.82,123.41,101.98,203.11,117.82,51.83,26.21
2018-12-13,34.86,32.01,46.22,61.3,122.09,101.61,202.66,122.86,51.91,25.42
2018-12-14,33.96,31.57,45.45,61.62,118.58,101.61,199.52,122.02,51.53,24.45
2018-12-17,33.71,31.17,44.69,61.3,118.14,101.25,200.42,121.18,50.76,24.05
2018-12-18,33.63,30.97,43.36,61.62,116.82,101.25,199.52,124.13,50.76,22.95
2018-12-19,33.55,30.77,43.17,63.06,114.18,102.35,202.21,122.02,50.53,22.46
2018-12-20,32.16,30.65,41.83,63.78,107.16,104.56,198.18,122.86,49.85,22.64
2018-12-21,32.73,30.49,42.21,62.02,110.67,102.35,200.42,118.66,49.31,23.79
2018-12-22,33.1,30.61,41.55,58.42,108.91,103.09,198.63,118.66,49.92,23.17
2018-12-24,33.96,30.73,42.6,59.94,103.64,104.19,197.28,117.39,49.46,23.39
2018-12-25,33.22,31.29,40.69,58.98,101.01,100.51,195.04,118.24,49.16,22.59
2018-12-26,32.48,32.01,40.69,57.3,98.37,101.61,194.14,116.13,50.08,22.02
2018-12-27,32.65,32.73,41.07,59.06,103.2,104.56,199.97,119.5,50.15,22.46
2018-12-28,32.57,34.37,40.98,60.18,103.64,104.56,202.21,120.34,50.99,22.46
2019-01-02,32.28,33.05,40.83,60.66,102.33,101.98,196.83,115.71,50.99,22.68
2019-01-03,31.01,32.97,40.21,61.46,99.25,98.67,193.25,117.39,51.14,22.46
2019-01-04,31.79,32.13,40.4,60.82,99.25,98.3,186.52,117.39,51.07,21.58
2019-01-07,32.24,32.13,40.64,59.86,101.01,103.09,191.01,117.39,50.91,23.7
2019-01-08,33.35,31.93,40.59,58.58,101.01,104.56,189.21,117.39,50.38,23.61
2019-01-09,34.62,32.21,41.26,60.02,103.64,107.51,193.25,121.6,51.75,23.3
2019-01-10,34.41,32.25,41.83,61.78,102.77,106.77,193.7,122.02,51.07,23.7
2019-01-11,34.25,32.25,41.31,60.74,101.89,106.03,197.73,123.29,50.0,23.3
2019-01-14,33.67,32.13,40.83,59.86,99.25,105.3,195.94,123.29,49.69,23.17
2019-01-15,34.33,32.25,41.36,61.78,101.45,108.98,198.18,127.07,49.69,23.87
2019-01-16,37.08,32.41,42.88,62.66,100.13,108.98,195.04,129.18,49.39,25.55
2019-01-17,36.09,32.57,47.17,61.62,99.25,110.45,197.73,124.55,50.15,25.07
2019-01-18,38.39,32.53,47.17,65.22,100.57,110.82,195.94,128.33,50.38,25.64
2019-01-21,39.5,32.53,49.74,66.43,104.96,114.5,198.18,126.23,50.38,25.42
2019-01-22,38.96,32.41,48.22,65.7,103.2,114.13,199.97,126.65,50.0,24.8
2019-01-23,38.47,32.33,48.41,64.98,103.64,113.4,197.73,124.55,50.76,24.93
2019-01-24,38.96,32.49,47.74,65.62,103.64,110.45,199.52,131.28,50.46,25.07
2019-01-25,38.96,32.81,47.65,68.03,108.91,113.76,202.66,131.7,50.61,25.37
2019-01-28,39.17,32.97,47.03,68.03,108.04,112.66,205.35,130.44,50.69,25.59
2019-01-29,38.14,32.73,46.41,68.27,105.84,115.61,199.52,134.65,50.76,25.51
2019-01-30,37.82,32.61,46.79,68.27,107.16,116.34,198.18,137.59,50.61,25.2
2019-02-11,37.41,32.61,46.03,74.99,105.84,117.45,204.46,137.59,51.14,27.49
2019-02-12,38.92,33.17,46.84,72.43,109.79,118.55,206.25,144.74,51.07,27.62
2019-02-13,39.87,32.81,48.6,70.51,115.94,117.45,205.35,141.8,51.22,27.67
2019-02-14,39.66,32.97,48.12,72.51,112.43,120.39,203.56,148.53,51.75,27.58
2019-02-15,38.84,32.81,45.26,72.43,109.79,128.49,203.56,148.11,51.75,27.36
2019-02-18,38.23,32.85,45.31,72.59,110.23,128.49,206.25,146.01,51.83,26.43
2019-02-19,38.39,33.09,45.93,72.35,110.67,128.49,205.35,146.43,51.98,26.61
2019-02-20,39.05,33.61,46.41,71.71,109.79,128.86,210.29,145.59,52.29,26.61
2019-02-21,40.85,33.57,46.12,69.47,110.67,129.6,212.08,149.37,52.29,26.65
2019-02-22,39.74,33.61,45.93,69.79,111.55,127.39,212.08,145.59,51.98,26.57
2019-02-25,39.5,34.09,45.79,70.35,107.16,127.76,213.42,148.95,52.37,26.7
2019-02-26,39.46,33.85,45.69,68.99,106.72,127.76,214.77,151.48,52.59,25.99
2019-02-27,38.84,33.85,45.69,71.55,104.96,125.91,214.32,149.79,52.52,25.37
2019-03-04,39.29,33.65,45.45,71.79,104.52,125.91,211.18,146.85,52.21,25.86
2019-03-05,39.62,33.81,45.93,71.23,101.89,124.44,208.94,146.01,52.37,25.37
2019-03-06,39.46,34.65,45.69,71.63,99.25,129.6,209.84,146.85,52.14,25.33
2019-03-07,38.88,34.25,45.12,68.51,96.62,127.02,209.84,139.7,51.91,25.15
2019-03-08,38.47,33.89,43.17,67.87,97.06,127.39,206.25,138.85,52.14,24.45
2019-03-11,38.84,33.85,43.64,69.63,98.37,131.44,206.7,140.54,52.9,24.27
2019-03-12,39.46,34.13,43.22,69.07,97.93,128.12,211.18,140.96,52.98,24.45
2019-03-13,39.62,33.81,42.88,70.43,97.93,129.96,212.53,143.06,52.75,24.71
2019-03-14,39.37,33.41,42.55,69.95,96.62,129.6,210.29,141.38,52.82,24.45
2019-03-15,39.58,33.13,42.69,69.71,98.37,131.8,214.32,141.8,52.9,23.96
2019-03-18,40.36,34.37,41.74,69.31,97.06,138.8,216.11,144.74,52.98,23.17
2019-03-19,42.57,34.29,42.31,72.19,97.93,137.7,215.67,150.64,53.05,23.56
2019-03-20,43.48,34.09,42.21,72.51,103.64,136.96,217.01,148.95,53.05,23.43
2019-03-21,43.97,34.25,42.21,72.19,102.33,140.27,220.15,149.79,52.75,24.32
2019-03-22,43.07,34.05,43.36,71.23,102.33,140.64,222.84,151.48,53.05,23.96
2019-03-25,41.84,33.45,42.45,70.51,101.45,139.9,216.56,147.27,52.82,23.04
2019-03-26,42.66,34.09,42.55,71.23,101.01,140.64,218.8,150.64,53.05,22.99
2019-03-27,42.57,34.05,42.17,71.31,101.45,140.64,216.56,151.9,53.13,23.74
2019-03-28,42.16,34.33,41.79,71.23,101.45,139.9,217.01,148.11,53.66,23.52
2019-03-29,42.49,34.01,41.93,70.83,102.77,145.8,220.15,153.16,53.43,23.52
2019-04-01,42.57,34.09,41.6,73.95,102.77,144.32,220.15,155.68,53.2,24.09
2019-04-02,42.49,34.09,41.4,75.79,104.52,147.64,220.6,161.58,53.28,24.05
2019-04-03,43.23,34.13,41.79,76.03,104.08,147.27,221.05,161.15,53.13,24.36
2019-04-08,43.8,34.25,42.45,73.31,104.52,142.11,226.88,161.15,53.66,24.27
2019-04-09,44.21,33.97,42.64,73.87,107.6,144.69,227.77,161.58,53.43,24.58
2019-04-10,44.3,33.81,42.36,76.83,108.47,145.43,227.77,161.15,53.43,25.2
2019-04-11,42.9,33.61,42.21,75.63,104.52,147.27,225.98,162.42,53.2,27.1
2019-04-12,41.75,33.65,42.17,74.11,104.96,148.0,225.98,161.15,53.2,25.64
2019-04-15,41.84,33.37,41.93,73.71,105.84,144.32,229.12,162.84,53.13,25.82
2019-04-16,41.84,33.45,41.55,73.63,107.6,143.59,230.46,160.31,53.36,26.61
2019-04-17,42.16,33.89,42.41,72.03,107.6,143.95,234.5,162.0,53.36,26.34
2019-04-18,41.34,33.61,42.41,71.07,104.08,146.16,237.19,166.2,52.98,25.29
2019-04-19,41.67,33.73,43.17,71.23,105.4,146.9,237.19,168.73,53.13,25.51
2019-04-22,43.23,34.17,43.02,69.79,107.16,145.8,238.53,174.2,53.43,25.42
2019-04-23,42.57,34.29,42.45,69.63,108.47,143.95,240.33,171.25,53.43,25.37
2019-04-24,42.0,35.09,42.12,70.51,106.72,145.8,241.22,172.94,53.51,25.02
2019-04-25,42.16,35.37,42.12,68.11,108.47,150.58,239.88,174.2,54.12,24.8
2019-04-26,41.67,34.97,41.79,68.11,108.04,146.53,233.15,171.25,54.2,24.09
2019-04-29,39.46,34.45,40.31,66.59,104.08,147.27,232.7,168.73,53.66,23.48
2019-04-30,40.19,34.21,39.98,66.91,103.2,148.37,232.26,175.88,53.43,24.01
2019-05-02,40.4,34.53,39.98,67.47,102.77,147.27,232.26,172.94,53.74,24.14
2019-05-03,41.18,34.85,40.4,67.39,104.52,152.42,237.64,184.3,53.82,24.36
2019-05-06,39.37,33.85,39.4,66.43,101.45,149.85,232.26,185.56,53.05,23.21
2019-05-07,40.15,33.89,39.83,68.91,99.69,163.1,235.39,195.66,53.36,23.52
2019-05-08,39.62,33.53,39.31,64.02,99.69,159.79,233.15,193.55,53.28,23.26
2019-05-09,38.68,33.09,38.59,58.02,96.62,160.15,230.01,189.77,52.98,22.51
2019-05-10,39.33,33.21,37.88,58.5,95.74,155.37,229.57,189.77,52.82,22.11
2019-05-13,38.23,33.09,35.93,58.18,92.66,147.27,224.63,183.03,51.75,20.56
2019-05-15,38.39,32.81,33.16,57.22,93.98,147.64,223.29,190.19,52.06,22.11
2019-05-16,36.91,32.53,34.69,57.22,90.91,143.59,221.49,180.93,52.52,21.53
2019-05-17,36.91,32.17,35.4,54.58,90.47,138.06,216.56,177.14,52.98,21.09
2019-05-20,36.26,32.41,35.16,56.5,90.03,132.54,213.42,173.78,53.28,21.09
2019-05-21,37.53,32.65,34.97,56.26,91.79,127.76,209.84,168.73,53.59,21.58
2019-05-22,37.69,32.73,34.64,56.26,91.35,131.07,213.42,177.56,53.74,21.36
2019-05-23,36.5,32.25,34.92,55.46,88.71,122.97,206.25,173.36,54.04,21.18
2019-05-24,37.41,32.25,35.02,56.26,89.59,121.5,208.94,169.99,54.58,21.27
2019-05-27,36.13,33.21,35.35,56.42,90.03,120.39,207.15,159.05,54.73,21.67
2019-05-28,36.13,32.09,35.07,55.22,89.59,119.29,206.7,163.26,53.82,21.8
2019-05-29,34.94,32.37,35.31,55.38,86.34,120.76,205.8,162.84,54.12,21.4
2019-05-30,35.27,32.69,35.45,57.22,87.57,120.02,207.15,164.1,54.73,21.71
2019-05-31,36.38,33.09,35.59,58.18,90.47,123.34,211.18,168.31,54.73,21.84
2019-06-03,36.22,32.97,34.73,59.14,89.15,120.76,213.42,173.36,54.73,21.4
2019-06-04,35.77,33.01,34.5,58.02,90.47,119.29,208.94,172.94,54.58,21.4
2019-06-05,36.18,33.01,34.78,58.66,89.59,122.23,210.73,172.94,54.43,21.62
2019-06-06,35.15,33.05,34.83,57.54,87.75,110.08,208.04,171.67,54.73,21.62
2019-06-10,35.48,33.05,34.97,59.86,89.59,117.45,215.22,183.88,54.73,22.29
2019-06-11,36.3,33.53,34.97,59.06,91.79,118.18,219.25,180.93,54.12,22.33
2019-06-12,36.38,33.69,34.97,60.02,92.23,121.86,220.6,185.14,54.27,22.06
2019-06-13,36.26,33.65,34.88,58.82,92.23,120.02,215.22,185.98,54.35,21.84
2019-06-14,36.18,33.25,34.69,58.1,92.66,120.76,211.63,186.4,54.43,22.29
2019-06-17,35.6,32.81,34.59,57.46,95.3,119.66,208.94,185.98,53.36,22.86
2019-06-18,35.52,32.65,34.97,56.74,94.86,118.55,211.18,185.98,54.27,22.33
2019-06-19,36.09,32.97,35.93,57.38,101.45,125.91,218.8,191.03,54.35,22.77
2019-06-20,37.41,32.89,35.21,59.54,105.84,125.18,219.7,192.29,54.35,22.99
2019-06-21,37.45,33.61,35.4,56.5,109.79,125.55,222.84,193.13,54.04,22.55
2019-06-24,37.57,34.17,36.59,58.5,110.67,125.91,223.3,189.35,53.59,22.59
2019-06-25,37.28,33.85,36.31,58.42,110.67,123.71,220.99,185.98,53.28,22.15
2019-06-26,37.45,34.09,36.69,58.66,108.47,122.97,217.28,188.08,54.12,22.51
2019-06-27,37.61,34.25,36.64,58.58,106.72,124.81,222.84,201.13,54.43,22.37
2019-06-28,37.04,34.41,36.69,58.26,106.72,127.39,221.45,192.29,54.66,22.33
2019-07-01,39.37,34.45,37.07,60.26,108.91,139.9,230.25,196.5,54.73,22.95
2019-07-02,39.54,34.09,37.45,61.7,108.91,136.22,230.72,206.18,54.43,22.86
2019-07-03,38.55,34.05,38.59,61.46,106.72,129.23,224.69,197.34,55.58,22.24
2019-07-04,39.78,34.25,39.17,61.7,107.6,129.23,226.08,194.4,55.41,24.09
2019-07-05,39.54,34.25,39.17,62.26,108.04,129.6,225.16,193.55,55.66,24.31
2019-07-08,39.33,34.05,38.97,61.3,107.16,127.02,224.69,190.19,55.58,24.72
2019-07-09,38.72,34.29,38.36,61.06,105.84,126.65,224.23,191.03,56.4,24.22
2019-07-10,40.69,34.37,37.88,61.62,105.37,128.86,228.86,184.3,56.31,24.49
2019-07-11,41.26,34.65,38.12,61.86,104.89,134.75,231.64,185.98,55.9,24.13
2019-07-12,41.1,34.65,38.64,62.02,102.04,134.21,232.11,189.77,55.58,24.36
2019-07-15,41.51,34.81,38.45,62.9,104.89,139.24,235.81,190.19,55.82,23.86
2019-07-16,40.97,35.05,38.59,62.5,106.31,137.69,237.2,187.24,55.49,24.04
2019-07-17,40.65,35.25,38.55,62.98,103.94,132.27,233.5,187.66,55.25,24.04
2019-07-18,40.36,35.13,38.5,61.7,101.57,126.09,235.35,184.3,55.0,23.1
2019-07-19,42.0,35.21,38.12,62.26,102.52,133.05,239.98,190.61,55.33,23.32
2019-07-22,41.84,35.73,38.36,63.06,103.47,134.98,244.61,195.24,55.0,23.1
2019-07-23,41.34,35.77,38.02,63.94,103.47,134.6,244.61,190.19,55.41,23.37
2019-07-24,42.41,35.69,38.16,63.94,107.74,132.66,245.54,185.98,54.92,24.0
2019-07-25,42.57,36.49,38.55,64.9,110.11,133.44,245.54,184.72,55.41,24.31
2019-07-26,42.08,36.33,38.36,64.82,109.16,132.27,241.83,184.3,55.33,24.09
2019-07-29,42.49,36.37,38.07,64.82,107.74,132.27,241.83,184.72,55.99,23.73
2019-07-30,42.66,35.81,38.21,62.18,104.89,129.18,240.91,175.88,55.66,23.1
2019-07-31,40.77,35.61,38.26,64.1,106.31,128.41,240.44,176.3,55.82,23.19
2019-08-01,40.56,35.57,37.93,65.38,105.37,129.95,237.67,180.93,55.33,22.83
2019-08-02,38.8,35.41,37.78,63.62,102.99,127.25,233.03,174.2,54.51,22.06
2019-08-05,38.8,35.17,36.97,62.74,102.52,121.45,228.4,171.25,53.77,21.34
2019-08-06,39.21,35.29,36.97,62.5,101.09,121.45,230.25,172.52,53.36,21.61
2019-08-07,38.55,35.29,37.07,62.82,96.82,126.47,229.79,172.09,54.18,21.25
2019-08-08,39.62,35.37,36.93,63.62,96.35,127.63,234.89,175.88,54.51,21.61
2019-08-12,40.05,35.21,36.59,60.02,95.87,128.41,232.57,175.46,54.18,23.37
2019-08-13,39.62,34.93,36.83,59.62,96.35,124.54,228.4,175.46,54.67,23.19
2019-08-14,40.62,34.85,37.21,61.7,100.62,126.47,231.18,174.2,54.18,23.14
2019-08-15,39.97,34.37,37.21,61.06,97.77,125.7,229.79,174.62,53.69,23.55
2019-08-16,41.09,34.41,36.83,62.5,99.67,127.63,231.64,173.36,53.77,23.23
2019-08-19,41.44,34.57,40.5,63.94,99.67,133.82,233.5,177.56,54.02,23.64
2019-08-20,42.82,34.73,40.98,63.3,100.14,134.98,235.81,182.61,54.02,23.86
2019-08-21,42.65,35.21,40.26,65.54,99.67,132.66,235.81,177.56,54.02,24.09
2019-08-22,42.65,35.01,40.88,70.19,99.2,133.44,235.35,178.83,54.18,24.36
2019-08-23,43.95,35.17,40.26,70.75,99.67,134.6,235.35,180.51,54.59,24.72
2019-08-26,43.17,34.77,39.93,67.23,96.35,130.73,230.25,173.78,54.1,24.22
2019-08-27,43.21,34.98,39.21,68.83,95.87,131.89,231.64,172.94,54.43,24.94
2019-08-28,42.91,34.9,39.11,67.63,96.82,134.98,233.5,170.83,54.34,24.94
2019-08-29,44.38,34.98,38.58,66.99,96.35,140.01,235.35,175.46,54.43,25.17
2019-08-30,44.03,35.19,38.29,68.19,97.3,143.88,239.98,180.93,54.1,24.63
2019-09-02,44.55,35.62,39.5,68.99,97.77,149.29,238.59,183.46,53.85,26.11
2019-09-03,43.95,35.54,38.68,68.11,100.14,145.81,235.35,180.09,54.18,26.02
2019-09-04,44.72,35.83,38.63,69.31,100.14,143.88,238.59,185.14,54.26,25.84
2019-09-05,44.81,35.88,39.16,67.95,100.62,145.81,243.69,185.57,54.18,25.66
2019-09-06,44.81,36.05,40.13,67.95,98.72,146.59,244.15,188.18,54.1,25.75
2019-09-09,45.68,36.13,39.5,67.31,97.3,144.65,245.54,186.88,54.59,25.39
2019-09-10,46.28,36.26,39.55,65.22,97.3,142.33,242.3,183.83,54.18,25.53
2019-09-11,46.73,36.39,39.35,65.3,96.82,145.43,243.69,186.88,53.85,24.9
2019-09-12,46.37,36.09,39.35,65.46,96.82,145.04,243.22,187.31,54.02,25.17
2019-09-23,45.83,37.11,44.76,67.47,97.77,142.33,246.46,198.18,53.19,27.33
2019-09-24,45.56,37.03,45.33,68.43,99.2,142.72,247.39,198.61,53.77,27.15
2019-09-25,45.47,36.69,43.89,68.67,98.25,143.88,248.33,194.26,53.36,26.79
2019-09-26,45.06,36.69,44.85,68.11,96.82,140.78,250.19,202.96,53.19,27.06
2019-09-27,43.84,36.64,43.89,68.59,95.87,137.69,253.93,199.91,52.87,26.25
2019-10-01,44.93,36.52,44.42,70.11,97.3,142.72,261.4,199.91,53.11,26.02
2019-10-02,44.75,36.43,45.33,69.95,98.72,144.65,260.93,205.13,52.78,25.62
2019-10-03,45.2,36.26,45.96,68.35,99.2,146.97,258.13,205.13,53.03,25.39
2019-10-04,45.47,36.26,45.67,72.11,98.72,147.75,258.13,209.48,52.78,24.9
2019-10-07,45.11,36.26,45.09,71.71,100.62,145.81,259.53,206.43,54.1,24.54
2019-10-08,44.39,36.18,44.85,72.51,99.67,144.65,267.47,202.96,54.34,24.18
2019-10-09,44.75,36.05,44.08,71.31,101.57,140.01,263.26,200.35,54.02,24.31
2019-10-14,45.47,35.96,44.47,70.83,105.37,143.49,270.73,198.18,53.44,24.72
2019-10-15,46.1,35.96,44.42,72.03,107.26,141.56,274.0,198.18,53.36,25.48
2019-10-16,45.38,36.09,45.19,71.07,108.21,141.94,276.8,199.05,53.19,25.84
2019-10-17,45.47,36.0,46.69,71.95,108.69,145.43,274.0,205.56,52.95,25.53
2019-10-18,44.07,36.13,46.69,72.51,112.96,145.04,273.53,204.7,53.03,25.84
2019-10-21,44.39,36.22,45.77,71.31,114.86,144.26,270.73,201.65,53.52,25.57
2019-10-22,44.57,36.39,45.77,72.03,112.01,145.43,274.47,199.91,52.87,25.57
2019-10-23,44.34,36.39,45.72,72.91,112.01,158.19,273.53,202.96,54.26,26.16
2019-10-24,44.75,36.52,45.91,72.83,113.91,160.9,273.53,206.43,54.92,26.02
2019-10-25,44.97,36.47,45.77,72.51,114.86,151.61,274.0,199.91,55.08,25.53
2019-10-28,43.62,36.56,44.85,73.71,115.81,151.23,274.93,200.35,54.59,25.53
2019-10-29,42.63,36.56,43.94,73.31,115.33,148.91,278.67,196.87,54.75,25.57
2019-10-30,42.85,36.6,44.37,75.07,113.91,152.0,279.6,196.44,54.67,26.11
2019-10-31,41.95,36.56,44.37,75.47,110.59,151.61,278.67,196.87,54.26,25.84
2019-11-01,42.13,36.26,45.82,74.75,112.01,156.25,279.14,199.05,54.51,25.35
2019-11-04,42.54,36.43,44.95,75.15,110.11,161.67,286.6,194.7,54.92,25.03
2019-11-05,42.58,36.56,44.76,74.67,115.81,169.4,289.87,198.61,54.84,25.03
2019-11-06,42.04,36.77,45.38,73.71,114.38,165.92,290.34,200.78,54.84,24.63
2019-11-07,41.45,39.59,44.37,72.59,111.06,166.31,288.47,198.18,54.92,24.72
2019-11-08,42.45,38.65,44.56,71.87,107.74,163.99,285.2,195.57,55.99,24.9
2019-11-11,41.77,37.88,44.08,70.35,108.69,161.28,281.0,192.96,56.23,24.22
2019-11-12,42.09,38.22,44.08,73.87,107.74,167.08,284.74,194.26,55.74,24.22
2019-11-13,42.09,38.39,44.08,73.55,107.26,167.08,283.8,196.0,57.71,23.95
2019-11-14,42.18,38.22,44.37,72.35,105.84,167.47,283.34,192.53,58.78,24.13
2019-11-15,42.81,38.56,44.23,73.79,106.79,164.38,286.6,196.44,61.4,23.95
2019-11-18,43.26,38.82,44.56,73.47,106.31,165.92,290.34,197.31,61.16,24.45
2019-11-19,42.81,38.86,44.85,72.03,105.84,169.4,294.07,203.39,61.4,24.13
2019-11-20,42.18,39.29,44.03,72.51,104.42,168.63,292.67,200.35,60.58,24.18
2019-11-21,42.04,39.16,43.79,72.03,103.47,167.08,290.34,198.18,60.42,24.04
2019-11-22,42.18,39.16,44.32,71.55,102.99,183.72,288.47,202.09,59.68,24.27
2019-11-25,43.03,38.91,44.08,72.03,103.47,175.59,286.6,202.52,59.93,24.49
2019-11-26,42.63,38.91,44.03,72.99,103.47,174.43,286.6,203.83,59.52,24.4
2019-11-27,42.85,39.29,44.37,73.55,103.47,175.59,290.34,207.3,59.02,24.27
2019-11-29,43.62,39.2,51.22,71.55,102.52,172.89,284.74,200.35,58.69,23.55
2019-12-02,41.86,38.39,56.33,70.11,102.04,170.57,287.07,196.0,59.27,22.83
2019-12-03,42.09,38.39,61.93,70.59,103.47,169.79,286.6,197.31,59.76,22.83
2019-12-04,41.82,38.39,65.88,71.07,105.37,167.08,285.67,195.57,59.68,23.32
2019-12-05,42.13,38.99,72.44,71.23,108.69,171.34,291.27,194.26,61.4,23.32
2019-12-06,42.49,39.03,76.68,70.59,106.79,170.18,292.21,196.44,61.98,23.46
2019-12-09,42.67,39.25,77.36,71.31,106.79,174.43,295.01,200.35,60.91,23.28
2019-12-10,42.4,39.25,76.59,71.47,105.84,175.98,292.67,201.65,61.73,23.1
2019-12-11,42.04,39.93,81.41,71.23,104.89,177.91,297.81,202.96,62.39,23.28
2019-12-12,42.0,39.93,82.37,71.23,107.26,178.3,309.48,202.09,62.22,23.41
2019-12-13,41.63,39.93,79.96,71.31,106.31,177.14,316.48,203.39,61.98,23.32
2019-12-16,42.22,40.95,81.8,72.43,107.26,181.78,313.68,207.74,62.14,23.86
2019-12-17,42.27,40.91,88.26,72.67,109.16,184.1,322.08,217.3,63.78,24.0
2019-12-18,42.4,40.95,86.71,73.55,109.16,177.14,321.61,215.56,63.78,24.0
2019-12-19,41.95,40.95,85.56,72.11,107.26,174.43,315.03,207.74,64.03,24.0
2019-12-20,42.04,40.95,80.73,71.87,109.16,164.38,309.39,208.17,63.87,24.76
2019-12-23,42.0,40.87,79.09,71.87,111.54,167.08,314.09,206.87,63.78,24.22
2019-12-24,42.4,40.7,84.79,72.67,110.59,167.08,312.21,205.13,63.37,23.91
2019-12-25,42.4,40.74,84.11,72.83,112.96,169.4,313.15,204.7,63.62,25.03
2019-12-26,42.63,40.7,83.92,72.43,112.96,170.95,313.15,204.7,64.19,25.48
2019-12-27,42.9,40.78,83.63,74.43,112.48,175.59,317.85,207.74,64.03,25.53
2019-12-30,42.49,40.83,84.79,72.59,112.01,171.73,314.56,205.13,64.03,25.21
2019-12-31,42.18,40.83,84.01,72.99,111.06,169.4,311.27,204.26,63.95,24.94
2020-01-02,43.66,40.57,84.69,73.15,112.96,172.11,318.79,215.99,63.62,25.03
2020-01-03,42.58,40.36,82.76,73.31,110.59,166.7,319.26,217.3,62.39,25.44
2020-01-06,41.95,39.93,83.34,72.43,107.26,163.22,312.21,211.65,61.65,25.44
2020-01-07,41.72,39.89,85.85,71.31,107.26,168.63,309.86,204.7,62.39,24.76
2020-01-08,41.59,39.63,83.92,71.63,105.84,170.57,309.86,206.0,63.46,23.91
2020-01-09,41.59,39.89,88.74,72.83,106.31,175.98,317.38,213.82,63.62,24.18
2020-01-10,41.59,40.1,85.85,72.59,106.31,175.98,319.26,215.56,63.62,23.86
2020-01-13,41.68,40.74,86.62,73.07,106.79,179.85,321.14,223.82,63.95,24.27
2020-01-14,41.68,41.12,95.2,74.59,105.37,179.46,325.37,227.29,63.62,24.4
2020-01-15,41.59,41.12,95.01,76.43,106.31,175.98,319.73,220.78,63.62,25.08
2020-01-16,41.68,41.12,104.17,76.59,107.74,177.91,314.56,223.82,63.95,25.03
2020-01-17,41.59,41.12,114.3,77.39,107.74,176.75,313.15,227.73,64.44,24.81
2020-01-20,41.36,41.12,117.68,77.15,106.79,178.3,313.15,226.42,64.19,24.63
2020-01-30,37.39,39.33,106.1,69.55,102.52,165.92,297.63,212.95,63.13,22.2
2020-01-31,37.17,40.01,105.14,69.07,105.37,168.63,300.92,215.13,66.49,21.61
2020-02-03,36.09,39.8,107.55,65.62,104.89,164.76,296.22,211.65,68.14,19.99
2020-02-04,37.39,39.67,107.55,66.02,105.84,168.63,305.63,215.56,66.33,20.85
2020-02-05,37.57,39.67,114.3,65.7,104.42,163.99,307.98,212.08,65.67,20.94
2020-02-06,38.43,40.44,119.12,68.91,109.64,169.02,312.68,223.82,67.72,21.84
2020-02-07,37.71,40.36,107.55,68.35,107.26,165.54,308.45,216.86,64.85,21.43
2020-02-10,36.63,40.01,96.94,67.79,109.64,161.28,307.98,212.95,64.85,21.75
2020-02-11,36.94,40.01,99.35,69.47,109.64,167.47,311.74,215.56,64.93,22.06
2020-02-12,37.48,40.23,100.32,71.71,110.11,170.57,315.03,219.47,66.41,22.33
2020-02-13,37.44,40.61,101.76,70.35,108.69,170.57,315.03,219.91,66.17,22.2
2020-02-14,37.53,41.08,111.41,71.07,112.96,169.79,315.03,223.38,66.33,22.29
2020-02-17,37.03,41.47,111.41,70.51,123.88,167.47,311.74,220.78,65.92,22.33
2020-02-18,37.03,41.47,110.93,70.43,124.35,163.99,302.8,219.04,65.59,22.51
2020-02-19,38.07,41.38,111.89,70.83,136.69,164.76,307.04,221.21,65.26,22.65
2020-02-20,39.79,41.42,118.64,70.83,140.49,161.28,306.1,216.86,65.26,22.6
2020-02-21,39.06,41.17,122.02,70.43,139.54,158.58,305.63,213.39,64.19,22.65
2020-02-24,38.61,40.7,121.05,69.63,136.22,157.41,300.92,207.74,64.03,22.42
2020-02-25,38.7,40.61,133.11,69.87,133.37,157.41,302.8,207.74,63.87,22.47
2020-02-26,37.98,40.53,132.63,69.47,132.42,157.41,299.51,205.13,64.52,23.05
2020-02-27,37.39,40.27,122.02,67.23,132.89,151.23,297.16,195.57,64.11,21.88
2020-03-02,37.12,39.25,123.46,66.75,134.79,152.77,292.46,195.57,64.03,22.06
2020-03-03,37.35,39.84,128.29,69.31,130.99,155.87,298.57,198.61,65.67,22.6
2020-03-04,37.39,40.06,122.02,69.31,134.79,157.41,301.39,199.05,65.1,23.1
2020-03-05,37.89,40.14,130.22,70.27,138.59,158.19,303.74,206.43,65.18,23.14
2020-03-06,38.7,39.55,131.18,70.27,134.79,157.41,296.22,205.13,65.18,22.87
2020-03-09,39.15,38.86,120.09,69.23,132.89,150.84,287.29,199.48,63.87,21.66
2020-03-10,38.07,38.86,126.36,69.15,142.86,150.07,288.7,198.18,62.72,22.29
2020-03-11,37.35,38.86,113.82,67.47,133.84,149.29,284.0,195.57,62.39,21.57
2020-03-12,34.46,37.54,103.21,64.42,138.59,143.49,276.47,178.18,62.72,19.49
2020-03-13,31.58,36.18,94.72,61.7,131.94,138.08,272.71,175.14,61.57,17.87
2020-03-16,29.09,34.26,86.91,60.02,127.2,132.66,260.02,162.54,59.93,16.12
2020-03-17,27.25,33.19,80.16,58.98,135.74,131.5,252.02,160.37,55.66,14.54
2020-03-18,27.25,32.85,79.48,58.98,126.72,130.34,244.5,156.45,55.66,13.69
2020-03-19,24.54,29.86,71.57,56.02,119.6,117.58,235.48,140.81,56.81,12.34
2020-03-20,26.3,30.54,78.71,60.18,130.99,117.58,256.37,148.63,54.26,13.55
2020-03-23,25.35,29.69,75.24,57.38,128.15,118.74,242.13,146.46,54.43,13.6
2020-03-24,26.88,30.67,82.76,58.82,128.15,124.93,254.0,154.72,55.82,14.95
2020-03-25,27.61,32.04,83.92,61.7,125.3,130.73,263.02,166.02,56.07,16.43
2020-03-26,27.79,32.21,92.12,65.46,124.82,132.27,265.86,174.71,57.05,16.39
2020-03-27,27.74,32.72,84.4,65.94,120.55,133.05,259.22,174.71,56.07,16.16
2020-03-30,28.01,33.83,83.15,66.43,122.45,134.21,254.0,172.97,54.92,16.61
2020-03-31,28.06,35.83,84.4,67.15,122.93,133.05,260.17,189.92,54.59,17.24
2020-04-01,29.82,34.26,84.69,68.03,119.13,135.37,257.79,185.14,54.75,17.2
2020-04-06,30.36,34.47,89.7,69.47,120.08,143.1,261.59,191.22,55.25,17.15
2020-04-07,30.99,34.81,89.32,72.19,125.77,142.33,268.71,190.79,56.4,17.47
2020-04-08,31.53,34.9,97.9,71.79,129.1,142.72,270.61,189.48,57.05,18.1
2020-04-09,30.81,34.98,94.05,70.83,124.35,144.65,268.71,190.35,56.23,18.01
2020-04-10,30.67,35.07,94.24,71.23,125.3,143.1,265.39,189.05,56.48,18.19
2020-04-13,30.67,35.11,100.32,71.15,121.98,140.01,264.44,187.75,56.23,18.23
2020-04-14,31.35,35.92,109.96,72.51,125.77,143.49,270.61,193.83,57.05,18.86
2020-04-15,32.12,36.35,111.89,74.27,127.2,143.88,272.99,195.13,56.89,19.18
2020-04-16,33.29,36.35,117.2,74.43,124.35,141.56,272.04,193.4,56.4,19.36
2020-04-17,33.61,36.56,121.54,74.19,124.82,143.1,291.03,200.35,57.38,19.36
2020-04-20,33.2,36.26,119.61,74.59,137.16,141.56,288.65,202.52,58.12,19.81
2020-04-21,31.71,35.75,113.82,73.63,127.67,138.46,280.11,202.96,56.31,19.31
2020-04-22,32.12,36.09,124.91,75.07,131.94,136.92,279.16,209.48,56.23,20.89
2020-04-23,32.48,36.39,129.25,76.83,131.94,138.08,280.58,204.7,56.31,21.66
2020-04-24,32.48,36.35,139.86,76.43,129.1,136.14,279.16,201.22,56.97,21.34
2020-04-27,33.33,37.03,153.85,75.63,131.94,137.69,282.96,205.13,57.3,21.48
2020-04-28,33.24,38.18,161.57,77.23,130.52,138.85,281.53,205.56,57.3,21.75
2020-04-29,33.65,38.01,171.21,75.55,130.52,141.94,283.91,214.26,57.55,21.97
2020-04-30,34.01,38.82,188.09,77.23,140.96,144.26,289.13,223.82,57.96,22.11
2020-05-04,32.7,38.44,188.09,77.79,146.18,144.65,280.11,210.34,57.22,21.97
2020-05-05,32.75,38.39,187.13,77.31,146.18,146.2,280.58,210.34,56.72,22.87
2020-05-06,33.74,38.18,191.95,77.07,149.98,151.23,281.06,211.65,56.64,22.56
2020-05-07,35.32,38.99,210.76,78.75,153.3,154.71,282.48,216.86,56.81,22.47
2020-05-08,35.32,38.91,190.02,79.07,153.3,157.41,282.48,217.73,57.63,22.42
2020-05-11,34.55,38.91,200.15,78.43,147.61,157.8,285.8,217.3,57.55,23.01
2020-05-12,34.42,38.48,204.49,77.55,147.61,157.8,280.11,212.08,57.14,22.6
2020-05-13,34.24,38.35,211.72,77.31,151.88,162.44,282.01,218.6,57.22,22.51
2020-05-14,33.24,37.75,217.99,75.39,148.08,157.41,278.21,213.82,56.81,21.79
2020-05-15,32.48,37.63,229.57,73.23,144.28,157.8,282.96,213.39,56.64,20.94
2020-05-18,31.62,37.71,215.1,73.39,143.81,150.84,275.36,217.3,56.31,20.71
2020-05-19,32.03,38.44,208.35,74.35,142.86,152.39,276.78,222.51,57.05,21.43
2020-05-20,32.34,38.91,208.83,74.91,145.71,153.16,279.16,222.08,57.3,21.66
2020-05-21,33.33,38.95,207.38,74.99,145.23,157.41,282.48,226.42,57.38,22.15
2020-05-22,33.65,38.22,199.67,72.83,143.33,153.55,277.26,214.26,57.55,21.57
2020-05-25,34.37,38.35,206.42,74.19,140.96,156.64,277.26,214.69,58.2,21.66
2020-05-26,34.33,38.44,199.67,75.87,149.03,160.9,280.58,218.17,58.61,21.75
2020-05-27,34.42,38.27,198.22,77.23,143.33,160.12,281.53,218.17,58.61,22.33
2020-05-28,35.14,38.35,207.38,78.35,142.86,160.9,279.16,221.21,58.04,22.06
2020-05-29,35.23,38.39,198.7,80.03,149.98,158.58,277.26,224.69,57.71,21.34
2020-06-01,34.64,38.73,218.47,88.03,147.13,161.28,280.58,234.25,58.53,22.15
2020-06-02,34.55,38.78,240.18,88.83,146.18,162.83,281.53,232.94,58.69,24.31
2020-06-03,34.96,39.16,263.81,90.83,147.13,164.76,285.8,231.21,59.19,26.07
2020-06-04,35.14,39.29,276.35,90.83,144.28,167.08,290.55,232.94,60.17,26.38
2020-06-05,36.18,39.42,261.88,92.03,142.39,166.31,295.77,234.25,60.09,26.2
2020-06-08,35.68,39.42,272.97,94.44,144.28,168.24,301.95,239.03,59.84,26.2
2020-06-09,35.55,39.16,273.94,98.44,140.01,167.86,302.9,235.55,59.35,25.48
2020-06-10,35.5,39.42,280.69,103.64,139.06,165.54,306.22,237.72,59.27,27.01
2020-06-11,34.46,38.65,270.08,100.44,141.91,165.15,304.32,237.72,58.37,26.29
2020-06-12,34.28,38.61,287.44,101.24,139.06,165.15,300.05,235.12,58.04,26.7
2020-06-15,33.97,38.52,292.26,98.29,133.37,163.22,293.88,236.42,58.04,25.26
2020-06-16,34.46,38.65,297.09,99.13,133.37,166.31,299.1,238.59,59.52,25.53
2020-06-17,34.69,38.65,316.38,100.39,130.05,165.54,299.1,247.29,60.01,25.75
2020-06-18,34.6,39.25,328.92,102.93,128.15,166.7,301.01,248.59,59.6,25.93
2020-06-19,35.36,39.2,361.71,106.72,125.3,171.73,301.01,256.41,58.78,25.48
2020-06-22,34.91,39.2,397.88,107.57,123.4,173.27,298.62,259.45,58.86,25.75
2020-06-23,34.6,39.25,437.43,103.77,123.88,176.37,301.49,256.41,58.37,25.35
2020-06-24,34.96,39.33,480.84,102.5,122.45,176.37,303.88,266.41,58.69,26.29
2020-06-29,34.6,39.25,433.09,101.24,124.35,175.98,298.62,258.59,58.28,25.08
2020-06-30,34.91,39.46,390.17,101.66,130.05,176.37,299.58,259.89,59.11,25.48
2020-07-01,35.45,39.55,405.12,105.03,128.62,181.39,303.88,272.93,60.34,25.66
2020-07-02,36.45,40.1,445.63,107.57,128.15,183.33,308.19,275.53,60.86,26.83
2020-07-03,36.85,40.7,489.04,110.52,126.25,201.51,315.37,289.88,60.51,26.2
2020-07-06,37.21,42.1,530.51,112.63,129.1,217.75,323.5,304.22,60.6,26.29
2020-07-07,40.91,42.19,477.46,110.52,129.1,204.99,323.98,298.57,60.34,26.25
2020-07-08,42.81,42.23,472.64,121.49,131.04,207.31,326.38,307.69,60.6,26.52
2020-07-09,41.09,41.93,472.64,118.53,131.53,220.07,330.2,319.43,59.99,26.74
2020-07-10,39.42,42.23,425.37,118.95,130.56,220.84,333.55,312.48,59.64,26.07
2020-07-13,39.51,43.09,467.82,118.95,132.02,218.03,339.3,313.34,59.55,27.15
2020-07-14,39.06,42.36,421.03,119.38,130.07,214.42,347.91,308.56,59.55,26.43
2020-07-15,37.62,42.66,380.52,118.53,130.56,210.81,347.43,304.22,59.9,25.8
2020-07-16,38.16,42.57,398.85,116.85,129.58,211.61,342.17,304.65,59.72,26.22
2020-07-17,38.79,42.4,359.3,117.69,125.2,210.41,351.26,297.7,59.64,25.28
2020-07-20,39.02,43.0,369.43,115.58,125.69,208.8,350.3,305.09,59.29,25.14
2020-07-21,38.97,44.71,394.51,118.53,131.53,213.22,366.57,317.26,59.2,26.03
2020-07-22,40.24,44.79,411.39,122.33,130.07,224.46,367.53,320.3,59.11,26.59
2020-07-23,39.88,44.37,406.57,127.39,132.02,226.06,365.14,324.21,59.55,26.69
2020-07-24,38.52,43.94,390.65,122.33,127.15,218.03,369.45,313.34,58.68,26.12
2020-07-27,39.69,43.85,394.51,128.23,124.22,222.45,406.29,317.26,58.15,26.69
2020-07-28,38.52,43.6,360.27,127.39,125.2,216.43,416.34,314.65,57.36,25.61
2020-07-29,40.55,44.02,395.96,124.86,124.71,222.85,403.9,314.65,57.45,26.55
2020-07-30,41.5,44.79,421.03,126.97,126.66,224.46,415.39,318.99,57.54,27.62
2020-07-31,41.77,44.71,428.75,132.45,126.66,232.89,407.25,325.51,57.71,27.43
2020-08-03,41.86,44.54,418.62,126.55,123.25,237.71,398.16,338.99,57.89,27.76
2020-08-04,42.4,44.11,421.03,127.81,122.76,238.91,407.25,345.94,58.24,26.92
2020-08-05,42.4,44.71,435.02,128.23,123.74,243.73,410.6,347.68,58.24,27.76
2020-08-06,41.5,44.71,436.47,126.13,125.2,253.77,416.34,371.58,58.06,30.52
2020-08-07,42.49,44.88,426.82,125.28,122.76,236.1,414.43,348.11,57.45,30.28
2020-08-10,42.67,45.22,421.03,120.64,123.25,230.48,416.82,351.15,57.36,28.41
2020-08-11,41.61,44.11,378.98,118.95,122.76,232.49,410.6,355.07,57.01,27.85
2020-08-12,41.79,44.45,372.69,115.58,121.3,226.47,401.03,341.16,57.01,27.95
2020-08-13,42.53,44.11,377.05,116.85,116.92,228.47,410.6,341.16,56.84,28.09
2020-08-14,42.21,44.28,382.85,119.38,115.46,228.88,408.69,353.33,56.58,28.46
2020-08-17,43.18,44.37,356.26,120.64,116.92,232.09,416.34,356.37,56.31,29.91
2020-08-18,42.26,44.79,320.97,116.85,115.94,213.22,414.43,337.68,56.31,31.31
2020-08-19,40.73,43.77,316.62,116.42,112.05,215.62,409.17,349.85,56.05,34.44
2020-08-20,39.39,44.2,286.65,113.47,103.28,205.59,397.2,324.21,55.96,36.22
2020-08-21,39.85,46.07,315.17,117.27,104.74,211.21,406.29,327.69,56.58,35.47
2020-08-24,39.66,45.05,324.84,121.06,104.74,212.01,409.64,341.59,56.4,36.45
2020-08-25,40.54,45.13,318.56,119.8,103.28,210.41,415.87,345.07,56.05,35.89
2020-08-26,40.36,45.49,310.82,116.85,104.74,203.98,423.04,345.07,55.96,35.89
2020-08-27,39.94,45.22,297.77,119.8,102.3,199.16,424.96,338.99,55.96,34.91
2020-08-28,39.9,44.87,313.72,120.64,101.33,199.16,416.34,337.68,55.79,34.96
2020-08-31,39.62,44.78,305.5,119.8,100.35,192.74,408.21,330.29,57.63,34.3
2020-09-01,39.99,44.46,309.37,126.55,102.79,197.96,416.34,336.81,56.84,36.03
2020-09-02,43.13,45.31,303.57,132.45,100.84,200.37,414.43,340.72,56.23,35.52
2020-09-03,42.12,46.38,305.5,128.23,100.84,201.57,417.3,347.68,56.4,34.96
2020-09-04,41.56,45.76,312.75,130.77,100.35,195.15,410.6,331.6,56.31,34.35
2020-09-07,41.42,45.76,301.64,126.13,99.38,193.54,407.73,331.6,56.4,33.37
2020-09-08,41.42,47.1,306.47,126.55,100.84,194.34,412.52,331.15,56.93,33.56
2020-09-09,41.05,46.03,314.2,127.81,101.33,190.73,408.69,318.62,56.84,34.02
2020-09-10,40.68,45.76,304.54,129.5,103.28,195.55,416.34,321.75,57.01,33.84
2020-09-11,39.9,45.49,315.17,125.7,101.82,195.55,417.78,327.57,56.49,32.39
2020-09-14,41.47,45.67,340.31,129.08,103.28,201.17,422.09,332.94,56.23,33.74
2020-09-15,41.65,45.76,331.12,129.5,103.28,202.37,425.92,328.02,56.05,33.56
2020-09-16,41.93,46.11,342.24,129.92,104.25,205.19,438.36,336.07,55.96,34.02
2020-09-17,41.89,46.29,342.72,132.88,114.48,203.18,431.62,331.6,55.96,35.71
2020-09-18,41.84,46.29,362.54,132.45,109.12,206.39,427.29,341.89,55.53,35.14
2020-09-21,41.7,45.22,372.21,129.5,105.71,203.18,423.44,335.18,55.44,34.96
2020-09-22,40.73,44.69,345.14,130.77,103.76,208.0,420.55,331.6,55.26,34.63
2020-09-23,40.5,44.78,348.04,127.39,104.25,208.4,417.19,335.18,55.44,34.68
2020-09-24,38.92,43.75,330.64,125.7,100.35,207.19,407.08,327.12,55.26,32.99
2020-09-25,37.86,43.39,322.42,121.91,100.35,195.55,408.04,314.59,55.53,32.67
2020-09-28,38.6,43.75,316.14,122.75,102.3,207.59,415.26,328.46,55.26,33.14
2020-09-29,38.14,43.53,310.82,121.91,101.33,212.01,414.78,328.46,55.09,33.42
2020-09-30,38.69,43.8,318.07,122.75,102.3,213.22,416.7,329.81,54.92,33.93
2020-10-05,39.62,44.06,323.87,122.33,105.23,208.8,416.22,329.36,54.57,34.49
2020-10-06,40.82,44.69,320.97,124.44,105.23,216.43,422.96,334.28,54.92,35.0
2020-10-07,41.24,45.13,329.67,124.44,105.23,222.45,426.33,339.2,54.3,35.89
2020-10-08,41.79,45.49,326.29,123.17,104.74,226.47,435.95,340.55,54.22,35.47
2020-10-12,42.12,45.22,320.01,126.55,101.82,228.88,442.69,353.08,54.3,35.8
2020-10-13,42.44,44.42,319.04,124.02,101.82,226.06,444.61,349.5,54.48,35.8
2020-10-14,43.04,44.55,313.24,123.17,103.28,225.26,441.73,341.89,55.09,36.17
2020-10-15,42.67,44.87,312.27,120.64,109.12,224.46,435.95,338.31,55.0,36.45
2020-10-16,41.93,44.42,299.7,118.95,119.35,223.66,432.1,334.73,54.83,34.4
2020-10-19,42.26,44.51,306.95,120.64,116.92,222.45,440.28,335.62,54.65,34.72
2020-10-20,42.35,45.13,305.02,119.8,118.87,226.47,434.03,336.97,54.92,34.35
2020-10-21,42.21,44.69,305.02,116.42,119.84,226.06,435.95,336.07,55.18,34.96
2020-10-22,40.27,44.55,301.64,117.69,119.84,222.45,437.88,326.23,54.57,35.33
2020-10-23,40.68,45.04,306.47,116.85,118.38,224.06,434.99,326.67,54.48,35.66
2020-10-26,40.64,45.4,292.94,115.16,115.46,223.66,433.06,325.78,54.3,35.61
2020-10-27,40.59,45.76,304.05,114.74,117.4,223.25,430.18,327.12,54.48,35.94
2020-10-28,40.1,45.13,293.9,117.69,113.99,223.66,427.29,325.78,55.79,35.1
2020-10-29,40.2,44.78,300.19,115.58,111.56,220.44,420.55,321.3,55.79,34.77
2020-10-30,39.44,44.38,291.0,113.89,110.1,214.42,415.74,318.17,55.7,33.7
2020-11-02,38.96,44.2,288.58,110.52,107.17,212.01,419.11,311.46,55.7,32.99
2020-11-03,39.67,44.29,293.42,113.89,111.56,211.61,424.4,316.38,55.7,34.49
2020-11-04,39.72,44.69,299.7,116.42,118.87,219.24,433.06,320.86,55.79,34.58
2020-11-05,39.82,44.69,304.54,116.42,116.92,216.83,434.03,315.93,55.53,35.43
2020-11-06,39.91,44.69,315.17,115.58,117.89,219.24,435.47,323.54,55.79,35.19
2020-11-09,40.34,45.13,346.59,116.85,118.87,235.3,441.24,323.99,55.7,36.45
2020-11-10,40.48,45.85,320.49,110.52,114.97,234.1,434.03,311.91,55.96,35.57
2020-11-11,40.77,46.2,329.19,111.78,116.43,229.68,439.8,311.46,55.7,37.72
2020-11-12,40.53,46.38,333.54,110.94,113.51,229.68,440.76,315.93,55.35,35.66
2020-11-13,39.91,46.38,344.66,111.78,111.56,234.1,444.61,324.44,55.0,36.17
2020-11-16,40.06,46.74,359.16,112.63,114.48,233.69,465.79,330.25,55.7,38.65
2020-11-17,40.34,46.83,346.11,111.36,113.02,233.69,467.23,332.94,55.88,36.92
2020-11-18,40.63,46.56,358.19,110.52,114.48,240.92,478.3,338.31,55.96,36.97
2020-11-19,40.48,46.2,379.46,110.94,114.97,238.91,471.56,340.99,56.31,36.45
2020-11-20,41.63,46.47,415.72,110.52,120.81,242.13,469.63,339.65,57.71,37.76
2020-11-23,42.68,47.27,416.2,113.47,132.51,244.13,477.81,341.89,57.89,41.5
2020-11-24,41.82,47.81,408.95,111.36,133.48,239.72,473.48,334.28,57.28,40.38
2020-11-25,41.68,48.34,398.31,111.36,128.61,235.3,468.67,328.91,56.75,39.63
2020-11-26,42.25,48.61,409.43,113.05,131.53,238.51,470.6,335.18,56.66,40.8
2020-11-27,43.58,50.13,421.52,115.16,132.99,244.13,470.6,334.28,57.28,42.2
2020-11-30,43.06,49.06,440.85,111.36,142.25,240.12,462.42,332.04,56.49,41.69
2020-12-01,43.34,49.77,411.85,111.36,139.81,243.33,471.56,338.76,56.75,42.81
2020-12-02,44.25,50.22,414.75,112.63,141.27,247.35,480.22,345.47,59.02,41.78
2020-12-03,45.25,49.86,402.18,113.47,138.84,250.96,478.3,343.23,57.8,41.45
2020-12-04,46.44,50.13,394.45,117.27,142.74,252.97,484.07,341.44,59.29,41.41
2020-12-07,48.39,50.22,399.76,113.89,141.27,245.74,494.66,345.92,59.29,41.41
2020-12-08,47.82,50.93,415.72,114.74,141.27,254.17,504.28,348.15,58.41,42.01
2020-12-09,48.58,52.0,410.88,117.27,142.25,258.19,500.43,366.05,57.71,42.95
2020-12-10,45.96,51.2,406.05,116.0,134.45,254.98,492.73,356.21,56.66,42.81
2020-12-11,44.72,50.04,395.41,119.38,131.53,253.37,496.58,353.08,56.49,41.22
2020-12-14,45.15,50.22,384.3,119.38,132.99,255.38,488.88,354.87,56.4,42.16
2020-12-15,43.01,48.7,376.56,116.42,132.99,250.96,485.03,348.15,55.79,39.91
2020-12-16,43.15,49.06,393.96,116.85,135.43,252.16,492.73,350.84,56.23,41.83
2020-12-17,42.87,48.88,384.3,116.0,133.48,259.39,491.28,362.47,55.88,42.3
2020-12-18,42.63,48.08,377.53,116.0,132.51,259.39,493.21,365.16,57.01,41.13
2020-12-21,42.91,48.34,377.53,114.31,130.07,260.6,499.02,364.26,55.88,41.69
2020-12-22,42.77,47.45,366.89,111.36,129.58,255.38,492.25,353.97,55.26,40.75
2020-12-23,44.01,47.63,386.23,111.36,130.56,261.0,492.25,355.31,55.26,43.84
2020-12-24,44.53,48.08,379.95,111.78,131.53,267.42,493.21,354.87,55.26,47.3
2020-12-25,44.2,48.43,391.55,112.63,129.1,282.28,494.18,358.45,56.23,47.67
2020-12-28,44.44,48.7,413.3,113.47,129.1,279.87,498.05,355.31,57.01,48.23
2020-12-29,44.01,48.52,409.92,112.21,132.02,283.08,498.05,347.26,56.84,49.35
2020-12-30,44.49,48.88,417.65,111.78,134.94,286.7,507.72,350.39,57.01,48.42
2020-12-31,45.2,49.95,411.37,112.63,131.53,296.33,512.56,349.5,56.84,50.57
2021-01-04,45.39,49.77,417.65,118.11,134.94,291.92,518.36,347.71,57.71,51.13
2021-01-05,44.63,49.42,422.48,120.64,136.4,288.7,524.16,346.36,57.1,51.13
2021-01-06,43.49,48.52,463.57,125.7,132.99,308.38,530.93,361.13,56.31,49.54
2021-01-07,43.63,48.7,478.56,134.98,136.89,303.56,546.4,362.92,56.58,49.73
2021-01-08,43.2,48.97,480.97,137.52,139.81,308.38,560.91,358.0,56.23,50.01
2021-01-11,45.25,51.2,512.39,138.78,141.27,311.19,564.78,386.19,56.23,52.81
2021-01-12,43.96,50.93,512.39,139.62,136.4,307.58,571.55,383.51,55.96,51.69
2021-01-13,44.34,51.11,563.63,141.31,142.25,323.64,585.09,398.27,55.88,51.69
2021-01-14,45.91,52.09,616.81,143.84,141.76,315.61,572.52,398.27,56.05,50.38
2021-01-15,45.06,52.18,591.67,137.52,137.38,321.23,581.22,397.38,55.7,50.47
2021-01-18,43.91,55.75,608.11,139.2,141.27,317.21,587.02,395.14,55.35,51.88
2021-01-19,43.91,57.26,604.24,144.26,140.79,329.26,606.36,419.75,55.61,51.22
2021-01-20,42.96,60.21,599.41,141.73,137.38,322.03,625.71,423.78,54.92,48.32
2021-01-21,41.96,61.72,659.35,142.16,138.84,328.06,650.85,445.26,54.57,47.67
2021-01-22,42.53,62.44,725.09,146.8,143.22,339.7,627.64,443.92,54.22,48.23
2021-01-25,42.77,63.15,679.65,145.53,145.17,335.28,612.17,441.68,54.92,49.82
2021-01-26,42.58,62.17,637.11,143.42,139.81,327.65,596.69,429.6,54.39,48.6
2021-01-27,43.29,60.39,699.95,140.47,133.97,332.47,594.76,434.97,54.3,49.07
2021-01-28,42.25,60.03,658.38,139.2,129.1,322.03,581.22,429.6,53.95,47.86
2021-01-29,41.06,56.64,646.78,134.56,124.71,316.41,571.55,404.09,53.87,47.2
2021-02-01,40.53,57.8,636.14,136.25,123.25,328.06,590.89,417.96,53.87,45.8
2021-02-02,41.68,59.14,674.81,140.05,127.15,340.1,611.2,431.39,54.13,46.74
2021-02-03,41.63,59.49,670.95,138.78,127.63,345.72,609.27,444.81,53.87,47.3
2021-02-04,41.82,58.51,670.95,137.09,125.2,349.74,606.36,426.47,53.87,46.13
2021-02-05,42.1,61.72,663.21,136.25,123.74,384.67,611.2,443.02,54.57,45.71
2021-02-17,43.96,67.88,722.19,140.47,135.92,422.42,641.18,460.92,55.53,48.42
2021-02-18,44.63,66.01,744.42,143.84,144.68,436.87,638.28,453.76,56.4,48.98
2021-02-19,45.2,66.01,725.09,143.42,146.15,424.02,630.54,442.13,56.75,49.63
2021-02-22,45.2,66.45,734.76,146.8,147.12,426.43,628.61,436.31,57.28,50.85
2021-02-23,44.44,65.56,717.35,145.95,147.12,411.98,619.9,431.39,57.28,51.41
2021-02-24,44.49,63.51,683.52,154.81,145.17,406.35,604.43,427.81,57.19,51.41
2021-02-25,44.68,63.15,680.62,149.75,148.09,400.73,614.1,430.05,57.45,51.03
2021-02-26,45.1,63.33,640.01,145.11,146.15,380.66,586.06,411.7,57.19,50.47
2021-03-02,44.1,64.94,624.54,145.11,145.17,396.32,588.96,417.07,58.06,50.38
2021-03-03,44.01,62.35,626.48,146.8,138.84,396.72,601.53,413.94,58.24,50.57
2021-03-04,42.87,60.74,614.87,148.06,132.02,383.07,581.22,402.75,57.36,48.23
2021-03-05,42.2,60.12,631.31,145.53,137.38,377.04,581.22,410.36,57.01,47.95
2021-03-08,41.87,59.23,632.28,145.11,139.81,386.28,578.32,397.38,56.84,46.41
2021-03-09,41.72,58.6,650.64,145.53,132.99,380.25,575.42,385.74,56.66,45.52
2021-03-10,41.82,60.03,653.55,145.53,133.48,383.07,577.35,387.53,56.4,48.04
2021-03-11,42.49,60.74,718.32,148.9,134.45,400.73,588.96,397.38,57.01,49.45
2021-03-12,42.49,59.76,755.06,151.44,132.99,391.1,593.79,396.04,57.1,49.63
2021-03-15,43.34,60.48,752.16,151.86,130.56,398.73,590.89,395.59,56.66,50.57
2021-03-16,44.29,61.01,744.42,151.44,132.99,399.53,592.83,404.54,57.1,50.29
2021-03-17,43.01,61.28,818.87,152.28,131.53,407.96,586.51,405.43,56.31,50.66
2021-03-18,42.87,62.08,790.83,154.81,133.48,432.86,584.57,413.94,56.75,50.66
2021-03-19,42.39,62.71,754.09,157.34,131.53,435.27,573.89,408.57,57.45,51.03
2021-03-22,42.96,61.72,740.56,155.65,134.45,423.22,575.83,408.12,55.96,50.85
2021-03-23,42.53,60.74,748.29,153.97,132.99,428.04,576.8,410.36,55.7,49.54
2021-03-24,42.34,60.56,751.19,153.12,132.51,424.02,559.32,404.99,55.61,50.19
2021-03-25,44.77,60.21,766.66,155.23,132.51,430.45,558.35,417.52,55.79,48.79
2021-03-26,45.2,61.19,843.03,164.09,133.48,456.95,572.92,433.63,56.49,50.19
2021-03-29,45.25,62.35,859.47,163.67,131.53,449.72,581.66,438.1,57.01,51.03
2021-03-30,49.72,63.42,874.94,167.89,130.56,459.36,579.72,449.29,57.1,50.47
2021-03-31,54.68,63.33,841.1,164.93,132.02,461.77,570.01,442.13,57.1,50.01
2021-04-01,55.44,63.06,849.8,167.04,133.48,457.75,584.57,438.55,57.19,50.94
2021-04-06,55.63,65.11,856.57,167.89,134.94,483.45,592.34,453.76,58.06,55.71
2021-04-07,61.16,65.2,843.03,170.42,148.09,497.1,592.34,451.08,58.06,55.71
2021-04-08,60.97,65.02,850.77,168.31,148.09,505.13,595.25,449.29,61.12,56.74
2021-04-09,57.82,63.33,765.69,164.51,147.12,490.68,592.34,446.6,61.39,54.77
2021-04-12,63.54,64.13,725.09,167.89,141.76,469.8,587.48,431.84,62.44,53.37
2021-04-13,62.49,62.79,711.55,170.42,139.81,470.6,587.48,436.76,62.44,52.16
2021-04-14,60.68,62.26,730.89,166.62,137.38,474.62,594.28,445.26,62.09,51.78
2021-04-15,61.63,63.15,725.09,174.64,141.27,489.87,601.08,447.5,62.09,51.78
2021-04-16,67.73,63.06,706.72,173.37,143.22,490.68,592.34,446.6,62.17,52.34
2021-04-19,66.68,62.35,697.05,171.68,149.07,475.42,585.54,447.5,66.11,53.0
2021-04-20,69.54,62.35,691.25,176.32,163.68,478.63,584.57,451.97,66.98,55.61
2021-04-21,69.92,62.88,700.92,177.17,167.09,473.01,574.86,441.68,70.31,57.67
2021-04-22,69.16,61.9,701.88,175.9,174.4,472.21,573.89,447.5,68.91,56.55
2021-04-23,70.87,62.71,722.19,181.38,191.45,493.09,584.57,464.5,73.72,58.33
2021-04-26,71.82,66.45,710.59,189.4,189.99,494.69,592.34,474.35,75.29,58.61
2021-04-27,68.68,65.11,718.32,183.49,186.58,497.91,592.34,480.61,70.48,56.27
2021-04-28,66.3,65.74,727.02,179.7,180.25,501.12,584.57,481.51,68.91,56.55
2021-04-29,65.73,65.47,750.22,180.96,187.07,501.12,582.63,476.14,70.39,55.15
2021-05-03,63.82,65.56,675.78,173.37,178.3,472.21,570.98,464.5,69.26,51.88
2021-05-04,61.35,64.13,617.77,172.95,174.89,466.59,573.89,453.76,66.02,48.98
2021-05-05,59.82,61.46,593.6,167.89,166.61,428.04,568.06,446.6,64.8,47.58
2021-05-06,58.3,60.48,588.77,170.84,162.71,444.1,570.01,459.13,63.75,47.39
2021-05-07,64.11,62.71,634.21,170.42,166.61,464.18,581.66,461.82,66.72,50.1
2021-05-10,70.49,63.06,641.94,165.78,151.51,437.67,571.95,451.08,67.33,47.76
2021-05-11,63.82,60.56,580.07,157.34,141.76,394.31,554.47,408.12,62.52,43.56
2021-05-12,60.49,58.87,605.21,156.92,142.25,394.71,543.79,390.22,60.42,40.66
2021-05-13,59.92,57.98,572.34,164.51,140.3,384.67,531.16,403.2,59.9,41.13
2021-05-14,60.49,57.44,553.97,162.82,145.17,385.47,540.87,404.09,60.69,41.08
2021-05-17,54.49,53.7,500.79,158.61,143.22,374.63,533.11,393.35,58.15,37.01
2021-05-18,59.92,58.69,550.1,166.2,154.43,411.98,555.44,420.65,60.6,40.71
2021-05-19,62.87,58.07,555.9,169.57,154.43,397.12,550.58,407.67,60.69,42.62
2021-05-20,59.92,58.6,568.47,170.84,152.97,369.41,550.58,402.75,59.99,40.99
2021-05-21,60.97,60.39,582.97,170.0,152.97,377.85,556.41,404.09,60.77,43.14
2021-05-24,63.63,60.21,612.94,172.95,151.99,391.5,551.56,404.99,61.04,43.23
2021-05-25,64.97,61.64,667.08,173.37,167.09,394.31,566.12,419.75,63.13,44.73
2021-05-26,65.25,62.71,672.88,175.06,161.74,391.1,568.06,434.52,62.17,45.24
2021-05-27,68.59,62.88,674.81,176.74,163.68,397.92,565.15,438.1,61.39,45.19
2021-05-28,75.44,63.15,671.91,176.74,163.2,405.55,572.92,444.81,62.26,47.3
2021-05-31,78.02,64.31,692.22,178.01,164.17,428.84,579.72,446.6,62.0,47.86
2021-06-01,82.02,64.58,689.32,176.32,159.79,414.39,580.69,452.87,64.1,48.6
2021-06-02,79.06,66.01,669.98,173.37,163.2,399.93,577.77,439.89,63.13,49.45
2021-06-03,81.64,65.29,696.08,175.9,171.48,405.55,578.74,447.5,63.66,50.01
2021-06-04,81.92,63.15,668.05,171.26,166.12,401.54,577.77,449.29,64.1,50.47
2021-06-07,79.16,63.24,671.91,175.9,167.58,416.79,574.86,451.08,63.13,49.91
2021-06-08,73.35,65.56,647.74,178.01,173.43,411.17,571.95,449.29,62.87,51.22
2021-06-09,74.87,63.51,628.41,176.74,171.97,411.98,569.03,445.26,62.7,52.81
2021-06-10,79.16,64.85,640.98,176.74,170.02,413.58,581.66,461.82,63.4,53.28
2021-06-11,79.06,65.2,636.14,178.01,168.07,406.35,584.57,459.13,63.22,52.81
2021-06-15,78.4,65.92,670.95,177.59,172.45,419.2,591.37,463.61,64.45,54.03
2021-06-16,76.11,65.92,645.81,176.74,173.43,409.57,587.48,461.82,63.48,57.02
2021-06-17,77.64,68.24,652.58,178.85,178.3,408.76,590.9,464.5,63.66,60.94
2021-06-18,75.83,68.5,648.71,180.54,174.4,403.95,587.97,461.82,62.96,64.4
2021-06-21,76.11,68.5,629.38,174.21,170.99,387.88,568.47,447.05,62.0,61.88
2021-06-22,75.44,69.57,600.37,167.04,168.07,382.66,563.59,435.86,62.26,65.34
2021-06-23,78.49,75.01,617.77,164.09,173.91,393.51,580.17,433.18,63.13,69.64
2021-06-24,79.54,72.78,611.01,161.14,177.32,399.13,575.3,456.45,64.36,69.54
2021-06-25,80.3,72.07,599.41,161.56,179.27,392.7,576.27,444.37,64.01,76.46
2021-06-28,80.87,70.82,617.77,163.67,179.27,398.73,575.3,445.71,68.12,74.4
2021-06-29,77.25,70.38,603.27,160.29,181.71,391.5,580.17,448.39,64.36,73.56
2021-06-30,76.49,70.29,612.94,164.09,184.14,400.73,580.17,451.97,64.62,80.57
2021-07-01,75.16,70.02,595.54,160.29,175.38,403.95,578.22,440.79,63.57,74.5
2021-07-02,81.92,70.02,611.01,162.4,179.27,396.32,573.35,451.97,64.1,81.88
2021-07-05,82.11,69.93,638.08,167.04,182.68,404.75,576.27,466.29,66.24,84.59
2021-07-06,82.78,71.27,618.74,164.51,183.17,401.54,577.25,461.82,65.51,86.55
2021-07-07,90.97,71.98,610.04,164.93,191.94,396.72,579.2,468.08,65.24,87.49
2021-07-08,91.64,73.05,609.07,166.62,188.53,406.35,573.35,468.98,65.51,88.61
2021-07-09,100.5,72.61,590.7,165.36,185.61,395.51,569.45,460.92,66.06,89.73
2021-07-12,106.69,73.32,649.68,172.1,194.86,401.54,578.22,465.4,65.97,98.61
2021-07-13,117.17,72.16,714.45,169.57,214.35,397.52,591.87,467.19,65.78,101.88
2021-07-14,118.6,76.44,715.42,167.46,212.89,393.91,597.72,466.29,65.69,91.69
2021-07-15,123.84,74.03,742.49,166.62,206.55,401.13,598.7,481.51,65.88,93.47
2021-07-16,130.5,73.94,728.95,167.89,202.66,401.13,574.32,487.77,66.24,95.81
2021-07-19,127.65,73.32,747.32,167.89,203.63,403.95,567.5,501.2,65.51,93.47
2021-07-20,128.12,73.14,684.48,164.93,202.17,387.88,566.52,494.04,65.05,101.42
2021-07-21,140.51,74.66,692.22,162.82,198.76,384.27,570.42,509.25,64.51,96.74
2021-07-22,145.74,79.92,698.98,163.71,194.37,399.53,576.27,509.25,64.87,106.09
2021-07-23,134.31,78.49,689.32,163.27,188.04,392.7,570.42,501.2,64.6,102.82
2021-07-26,147.65,78.49,691.25,167.69,190.96,395.11,565.55,507.46,64.69,107.96
2021-07-27,140.03,79.74,685.45,164.15,188.53,419.2,565.55,548.63,64.69,107.02
2021-07-28,126.22,82.42,628.41,163.27,184.63,393.51,564.57,525.36,63.69,97.68
2021-07-29,130.03,85.18,691.25,159.73,189.21,403.95,568.47,536.1,64.14,100.01
2021-07-30,128.6,84.92,705.75,160.17,185.27,410.37,565.55,526.26,63.87,95.81
2021-08-02,128.6,81.79,752.16,158.84,188.72,434.46,575.3,528.05,64.51,104.22
2021-08-03,135.27,84.11,767.63,159.73,188.23,437.67,579.2,537.0,64.6,106.09
2021-08-04,142.41,84.02,718.32,151.76,188.23,451.33,581.15,538.79,66.7,105.62
2021-08-05,137.65,84.65,730.89,149.99,186.26,457.75,581.15,545.95,66.15,102.78
2021-08-06,142.89,84.47,715.42,147.78,183.3,449.72,576.27,539.68,68.34,102.78
2021-08-09,131.93,84.02,695.12,150.44,184.29,432.05,580.17,524.47,66.79,95.2
2021-08-10,128.6,83.93,676.75,151.32,178.87,426.43,576.27,520.89,68.16,95.67
2021-08-11,121.93,83.13,631.31,146.9,171.97,416.79,575.3,503.88,66.42,92.45
2021-08-12,130.03,83.67,641.94,143.8,179.36,423.22,571.4,503.88,64.96,97.57
2021-08-13,124.31,79.92,612.94,142.91,173.94,408.76,566.52,485.09,62.04,91.89
2021-08-16,129.83,81.17,592.48,141.59,174.43,406.35,569.45,487.77,61.31,93.69
2021-08-17,131.75,76.8,570.06,136.72,164.58,392.77,565.55,473.45,61.68,86.2
2021-08-18,143.72,78.94,615.86,139.82,170.49,407.27,559.69,493.14,62.23,94.73
2021-08-19,129.35,77.42,566.17,134.95,164.58,389.87,545.07,462.71,61.22,93.78
2021-08-20,137.97,77.87,571.04,135.83,167.53,389.45,538.24,480.61,60.86,99.46
2021-08-23,142.77,80.55,601.25,140.7,173.94,398.15,551.89,494.04,62.04,100.41
2021-08-24,156.66,78.58,590.53,138.93,176.9,381.99,557.74,492.25,62.23,101.83
2021-08-25,151.87,81.17,608.07,142.91,182.81,388.62,570.42,492.25,62.68,107.04
2021-08-26,151.39,81.91,604.17,140.26,177.39,380.75,579.2,485.09,62.96,105.62
2021-08-27,143.72,81.26,594.43,136.72,173.94,369.56,584.07,483.3,63.32,100.88
2021-08-30,143.72,82.65,588.58,138.49,180.84,376.61,589.92,490.46,63.59,104.2
2021-08-31,148.51,82.83,596.37,139.37,183.3,372.05,598.7,495.83,63.32,102.78
2021-09-01,160.01,85.51,615.86,142.03,185.76,383.65,597.72,516.41,64.6,105.15
2021-09-02,152.35,85.23,599.3,142.47,179.36,378.26,591.87,506.57,63.69,95.2
2021-09-03,158.58,86.25,658.74,141.14,186.26,378.26,604.55,505.67,63.69,93.31
2021-09-06,147.08,84.31,669.46,139.82,183.79,356.31,615.27,498.51,63.14,89.52
2021-09-07,132.71,82.65,646.07,138.93,184.78,357.13,607.47,488.67,62.77,89.33
2021-09-08,125.04,80.62,653.87,133.62,172.46,352.58,603.57,482.24,61.77,85.73
2021-09-09,127.44,82.0,662.64,136.28,176.4,359.21,603.57,482.24,61.68,88.95
2021-09-10,127.44,81.63,668.49,136.72,181.33,376.19,606.5,493.26,62.59,89.9
2021-09-13,123.6,80.52,654.84,138.93,176.9,367.91,599.67,490.51,61.95,87.43
2021-09-14,116.42,80.98,661.66,138.49,177.39,364.59,597.72,485.91,61.95,86.87
2021-09-15,114.98,79.6,674.33,138.49,177.88,357.13,591.87,474.89,61.41,87.43
2021-09-16,116.42,77.75,699.67,138.05,179.85,355.48,587.71,475.81,61.86,85.63
2021-09-17,121.21,78.49,738.65,139.82,175.42,355.06,587.71,481.32,62.14,87.43
2021-09-22,119.77,74.89,718.18,134.95,174.43,349.68,574.0,448.71,61.41,85.44
2021-09-23,119.29,75.17,741.57,135.83,169.5,353.41,575.96,467.54,62.04,90.37
2021-09-24,129.35,75.91,734.75,134.95,170.0,352.99,585.75,466.62,62.14,89.99
2021-09-27,132.23,75.44,770.8,134.51,169.01,360.03,589.67,471.22,61.95,89.61
2021-09-28,133.18,75.81,783.47,134.51,161.13,351.33,581.83,461.11,61.95,86.96
2021-09-29,128.39,73.23,714.29,131.41,163.1,336.83,568.12,446.42,60.95,83.08
2021-09-30,128.39,75.17,746.44,129.64,158.66,339.73,568.12,455.14,61.22,84.59
2021-10-01,118.81,72.12,725.98,129.64,148.81,335.18,562.24,437.69,60.31,79.67
2021-10-04,116.42,71.66,688.95,128.31,143.39,331.03,560.28,427.13,60.22,76.82
2021-10-05,121.21,72.21,717.21,130.97,147.82,329.38,560.28,430.8,60.49,81.94
2021-10-06,125.04,70.83,730.85,130.97,141.91,323.99,559.3,435.85,60.95,81.66
2021-10-18,117.85,70.0,367.86,130.97,146.35,320.68,577.91,424.37,60.77,87.72
2021-10-19,123.12,71.84,381.5,135.39,148.32,332.28,587.71,439.07,61.13,96.15
2021-10-20,129.35,71.57,394.66,138.49,151.77,330.62,585.75,436.31,61.68,91.7
2021-10-21,130.31,71.2,434.13,133.62,154.72,327.72,583.79,435.39,62.23,95.2
2021-10-22,137.97,72.58,472.62,146.9,151.27,335.59,587.71,436.31,61.68,96.15
2021-10-25,133.66,73.6,491.13,145.57,144.87,331.45,580.85,446.42,61.95,99.94
2021-10-26,121.69,72.95,472.13,145.57,148.81,338.91,586.73,447.33,62.14,96.15
2021-10-27,126.48,73.6,518.42,150.44,152.26,338.49,586.73,459.28,62.14,101.36
2021-10-28,123.6,73.97,530.11,148.67,153.74,340.15,582.81,459.28,61.86,101.83
2021-10-29,122.64,73.41,524.26,147.78,155.21,344.29,577.91,458.36,61.59,106.57
2021-11-01,125.52,73.87,575.91,150.44,164.08,346.78,577.91,459.28,61.86,116.99
2021-11-02,122.64,72.03,560.32,148.22,165.07,336.0,579.87,451.47,62.04,105.62
2021-11-03,124.56,71.47,526.21,148.22,158.66,342.63,579.87,449.63,62.14,102.31
2021-11-04,120.73,72.49,502.83,144.24,163.1,337.66,574.98,445.96,62.23,104.2
2021-11-05,118.81,71.94,496.98,143.36,166.55,371.22,587.71,458.82,62.96,104.2
2021-11-08,116.9,72.67,499.9,146.01,162.11,378.26,589.67,463.87,63.87,93.97
2021-11-09,124.56,73.51,533.03,142.91,166.55,381.99,598.48,469.38,63.87,92.83
2021-11-10,125.52,74.71,521.34,144.24,182.81,374.54,599.46,476.73,63.87,92.74
2021-11-11,125.04,74.06,524.26,144.68,187.24,367.08,593.59,479.48,62.59,95.67
2021-11-12,127.44,72.95,535.96,144.24,186.26,374.12,591.63,480.4,63.87,95.2
2021-11-15,132.71,74.52,538.88,150.44,182.81,389.45,595.55,497.86,62.96,95.2
2021-11-16,130.31,74.52,525.24,148.67,183.3,389.45,597.5,504.29,62.96,93.02
2021-11-17,137.02,75.54,518.42,149.11,185.76,406.44,597.5,505.2,63.96,96.62
2021-11-18,133.66,75.44,523.29,149.11,187.24,408.92,600.44,504.29,64.42,100.41
2021-11-19,129.83,73.87,506.72,149.11,188.23,400.22,605.34,502.45,64.87,105.62
2021-11-22,131.75,73.51,498.93,150.44,206.95,405.61,602.4,503.37,65.51,102.78
2021-11-23,137.02,72.3,501.85,148.67,207.94,402.29,599.46,499.69,64.32,100.41
2021-11-24,132.23,72.58,498.93,146.9,228.63,398.15,590.65,497.86,64.32,106.09
2021-11-25,133.18,71.94,487.23,149.11,230.6,391.94,590.65,499.69,63.96,102.31
2021-11-26,137.5,70.64,479.44,146.45,232.08,383.24,583.79,490.51,63.05,98.04
2021-11-29,149.47,70.37,497.95,145.57,238.49,389.45,580.85,492.34,62.96,100.41
2021-11-30,148.99,71.2,494.06,143.36,246.37,385.72,583.79,509.8,63.23,104.67
2021-12-01,155.7,72.58,506.72,145.13,260.17,399.81,587.71,504.29,63.5,104.67
2021-12-02,145.64,72.21,497.95,142.47,253.27,402.71,602.4,508.88,63.69,101.36
2021-12-03,147.56,71.84,532.06,143.36,251.79,408.51,595.55,509.8,63.69,105.62
2021-12-06,142.77,72.21,516.47,142.03,256.72,418.45,587.71,530.0,64.14,107.04
2021-12-07,137.97,71.66,499.9,140.26,267.07,425.08,594.57,518.98,64.14,104.2
2021-12-08,138.45,72.12,500.88,142.03,293.68,430.05,589.67,518.98,64.14,106.09
2021-12-09,135.1,71.38,496.98,141.59,275.94,424.25,595.55,512.55,64.05,103.25
2021-12-10,134.14,70.46,499.9,141.59,293.18,420.94,592.61,508.88,64.05,99.46
2021-12-13,132.23,69.72,490.16,140.7,287.76,430.88,588.69,510.71,64.51,100.41
2021-12-14,136.06,70.0,468.72,136.72,283.82,415.97,586.73,500.61,64.42,97.1
2021-12-15,137.02,69.81,480.41,140.26,280.37,424.25,587.71,507.96,64.32,100.41
2021-12-16,140.85,70.37,483.34,148.22,297.62,442.48,595.34,522.66,65.05,103.25
2021-12-17,138.45,70.37,468.23,146.9,290.23,440.0,597.3,520.82,66.24,98.99
2021-12-20,133.18,70.0,458.97,146.45,283.82,437.51,588.45,507.96,66.51,99.46
2021-12-21,133.66,70.18,477.98,148.67,286.28,443.31,587.46,522.66,66.7,102.31
2021-12-22,139.41,70.18,474.57,148.22,281.85,440.83,590.42,526.33,66.42,102.31
2021-12-23,138.93,70.73,486.26,149.55,290.23,445.8,596.32,525.41,67.43,105.62
2021-12-24,137.02,71.2,483.34,149.55,299.59,439.17,594.35,518.06,67.34,101.83
2021-12-27,136.54,71.47,487.23,148.67,292.69,440.0,596.32,529.09,67.34,103.25
2021-12-28,137.5,70.83,489.18,146.45,288.26,444.97,605.18,535.52,66.61,102.31
2021-12-29,136.06,71.38,488.21,148.67,287.76,442.48,606.16,530.92,66.61,101.36
2021-12-30,135.1,72.12,486.26,150.44,285.79,446.63,605.18,532.76,66.7,101.36
2022-01-03,135.1,71.29,470.67,148.22,283.82,445.8,620.92,526.33,66.06,99.94
2022-01-04,137.5,70.73,469.21,149.11,282.84,440.83,645.52,512.55,66.06,98.52
2022-01-05,133.66,70.83,463.85,150.44,275.44,430.88,639.62,517.14,64.96,96.62
2022-01-06,132.23,70.27,443.38,148.67,270.02,428.4,633.71,509.8,65.33,95.2
2022-01-07,125.52,69.26,424.87,144.68,259.18,420.11,623.87,509.8,64.69,89.99
2022-01-10,131.27,70.09,433.64,146.45,262.63,422.6,632.73,511.63,64.69,93.4
2022-01-11,125.04,69.35,419.02,145.13,256.23,420.94,640.6,498.77,64.42,88.76
2022-01-12,121.21,68.98,421.94,142.47,257.71,420.94,649.46,498.77,64.6,87.81
2022-01-13,120.73,69.26,411.23,140.26,260.66,412.65,650.44,496.02,64.78,85.82
2022-01-14,118.81,69.07,400.99,139.82,262.63,409.75,661.27,488.67,64.69,84.59
2022-01-17,125.52,69.63,403.92,143.36,266.58,415.14,672.09,492.34,65.05,87.15
2022-01-18,133.18,69.72,424.38,142.91,264.11,422.6,651.42,493.26,64.78,87.53
2022-01-19,134.62,69.07,417.07,144.24,268.05,419.28,643.55,496.94,64.78,85.63
2022-01-20,136.06,69.63,433.64,144.68,272.0,416.8,640.6,496.02,64.78,85.54
2022-01-21,129.35,68.89,394.66,143.36,258.69,409.75,630.76,499.69,64.14,84.02
2022-01-24,132.71,68.33,399.53,143.36,275.94,406.44,642.57,491.43,64.23,86.49
2022-01-25,134.62,68.33,385.89,142.03,272.49,391.94,630.76,487.75,63.5,84.78
2022-01-26,137.02,67.6,384.91,142.91,277.91,390.28,625.84,483.16,63.78,85.73
2022-02-07,137.97,66.49,383.94,149.11,250.31,378.26,624.86,464.79,64.23,89.99
2022-02-08,138.93,66.49,390.27,151.32,237.5,375.36,617.97,472.14,65.15,96.62
2022-02-09,137.02,68.33,399.53,155.3,246.87,382.82,622.89,469.38,65.69,97.57
2022-02-10,141.33,67.69,386.38,152.21,264.6,386.97,638.63,468.46,65.42,97.57
2022-02-11,145.64,67.78,381.02,151.32,289.73,387.79,639.62,462.95,65.42,99.46
2022-02-14,137.5,66.58,367.86,150.88,287.27,376.61,626.82,447.79,64.6,100.41
2022-02-15,139.41,67.32,384.91,150.44,278.89,375.36,622.89,450.09,64.51,99.46
2022-02-16,141.33,68.52,391.25,153.98,276.43,377.85,635.68,462.03,65.42,101.36
2022-02-17,137.02,68.43,380.04,153.53,279.88,373.29,634.7,449.17,65.15,101.36
2022-02-18,138.45,68.52,381.99,154.42,276.43,369.98,626.82,443.66,65.42,103.25
2022-02-21,136.06,68.7,386.86,157.52,272.0,375.78,621.9,442.28,65.97,100.41
2022-02-22,130.79,67.13,366.4,155.3,259.68,374.54,616.98,437.23,65.05,97.1
2022-02-23,134.14,67.5,367.37,152.65,262.14,384.06,615.02,433.56,65.33,98.52
2022-02-24,127.91,66.67,334.73,145.57,249.82,377.85,594.35,417.94,63.78,94.16
2022-02-25,130.79,67.04,352.76,145.13,253.27,378.26,594.35,418.86,64.42,95.2
2022-03-01,133.66,68.15,381.99,147.78,272.0,398.57,594.35,435.85,65.6,98.04
2022-03-02,137.02,68.8,367.37,149.55,277.42,395.25,591.4,433.56,65.42,98.04
2022-03-03,139.41,69.26,364.94,149.99,280.86,397.74,592.38,438.61,65.88,97.57
2022-03-04,138.45,68.43,362.99,147.78,281.85,392.77,585.5,428.5,68.07,96.15
2022-03-07,132.23,67.6,336.68,146.01,270.52,378.26,566.8,412.43,66.7,92.17
2022-03-08,134.14,66.67,329.37,138.93,256.72,374.95,554.01,411.51,65.69,88.76
2022-03-09,137.5,67.6,326.45,140.7,272.98,374.95,558.93,414.27,66.97,92.55
2022-03-10,137.02,67.5,339.11,146.9,282.84,387.79,577.62,430.8,67.88,94.25
2022-03-11,137.02,67.23,328.4,146.01,289.73,386.55,565.81,428.05,67.7,95.67
2022-03-14,138.93,68.06,324.5,148.22,304.02,383.65,562.86,427.13,68.25,96.62
2022-03-15,132.71,66.86,296.24,146.9,280.86,374.12,549.09,411.05,67.88,89.99
2022-03-16,131.27,66.86,306.96,147.34,284.31,374.95,551.81,408.76,67.97,91.22
2022-03-17,142.29,68.06,326.45,149.55,312.4,386.97,575.54,417.94,68.61,96.62
2022-03-18,142.77,69.26,323.04,149.11,342.46,378.26,574.55,417.94,67.88,99.46
2022-03-21,147.08,69.35,325.47,150.44,352.81,373.29,579.49,422.07,68.16,99.46
2022-03-22,153.31,69.44,326.93,149.99,362.66,360.03,576.53,420.24,68.07,97.1
2022-03-23,168.16,69.63,326.45,150.88,367.1,368.74,583.45,420.24,68.25,94.35
2022-03-24,171.51,69.63,326.45,151.32,365.62,360.03,584.44,415.64,67.97,92.64
2022-03-25,171.99,69.07,321.57,150.88,329.15,360.86,591.36,409.67,67.7,94.63
2022-03-28,169.59,69.07,311.34,152.21,296.63,352.16,577.52,395.44,67.52,93.21
2022-03-29,186.36,68.7,311.34,151.32,284.81,348.43,582.46,397.27,67.52,93.59
2022-03-30,182.53,69.16,314.27,151.32,284.81,351.75,593.34,397.27,68.07,99.46
2022-03-31,183.01,68.52,306.96,152.21,285.3,353.41,590.37,395.44,67.88,96.62
2022-04-01,175.34,67.96,312.8,150.88,276.92,354.23,582.46,383.04,67.7,95.2
2022-04-06,172.47,67.41,310.86,149.11,274.46,343.88,571.58,379.36,67.61,96.15
2022-04-07,165.28,66.95,298.19,147.34,265.1,331.45,559.72,374.31,66.61,92.83
2022-04-08,165.76,67.32,299.65,146.9,263.62,333.93,560.71,373.85,67.06,92.93
2022-04-11,153.78,65.56,278.21,142.47,248.84,323.58,551.81,363.75,66.15,89.99
2022-04-12,152.35,64.92,277.72,142.47,246.87,329.79,550.82,363.75,65.69,88.38
2022-04-13,156.66,65.84,281.62,143.8,255.24,339.73,566.64,379.82,66.88,88.85
2022-04-14,160.01,65.29,274.31,142.91,246.87,343.05,566.64,382.12,66.61,86.01
2022-04-15,149.95,65.19,258.23,141.14,224.69,331.45,555.76,365.58,65.88,80.52
2022-04-18,149.47,64.64,267.49,140.7,221.24,336.0,554.77,372.47,66.24,77.68
2022-04-19,151.39,64.73,263.59,140.7,220.26,333.1,558.73,367.42,66.42,76.35
2022-04-20,152.83,65.01,270.41,138.49,221.24,336.0,563.67,372.01,65.78,76.54
2022-04-21,159.53,65.47,271.88,138.49,227.65,332.69,558.73,372.93,66.7,80.14
2022-04-22,152.83,66.12,261.16,138.49,209.91,320.68,551.81,362.83,66.33,78.43
2022-04-25,142.77,63.9,245.08,133.18,209.42,310.32,540.93,360.07,65.42,74.55
2022-04-26,137.5,63.53,241.18,133.18,199.56,311.56,539.94,349.97,65.42,72.94
2022-04-27,138.93,62.61,235.82,132.3,192.17,301.2,520.16,351.35,64.78,72.09
2022-04-28,137.5,62.79,240.69,132.3,193.65,316.95,525.11,362.83,64.69,71.99
2022-04-29,139.89,63.81,244.59,133.62,192.17,330.2,532.03,374.31,64.87,72.09
2022-05-03,145.16,65.1,257.75,133.18,197.59,334.35,525.11,370.18,65.15,73.79
2022-05-04,155.7,65.1,249.46,134.06,198.08,327.3,528.07,372.01,65.24,74.46
2022-05-05,160.97,65.75,254.34,135.83,217.79,332.28,535.98,381.2,66.06,77.11
2022-05-06,164.32,65.19,237.77,129.64,210.89,323.99,522.14,375.69,65.97,76.92
2022-05-09,156.18,64.09,234.85,125.66,199.07,313.22,514.23,374.77,65.05,73.03
2022-05-10,160.97,66.03,243.62,124.77,209.91,323.58,512.25,380.74,65.05,71.52
2022-05-11,156.66,65.47,250.93,123.89,214.84,324.4,515.22,381.2,64.51,73.03
2022-05-12,156.18,65.47,275.77,123.0,205.47,321.92,499.39,377.07,64.05,71.52
2022-05-13,159.53,65.84,276.75,123.89,225.68,330.62,505.33,382.58,63.87,73.13
2022-05-16,160.49,66.21,258.72,125.66,228.63,324.4,514.23,392.22,64.05,74.27
2022-05-17,164.32,67.5,267.49,128.31,245.39,326.89,524.12,396.36,64.69,78.06
2022-05-18,164.32,66.86,263.11,128.76,242.43,327.3,532.03,396.81,65.15,76.92
2022-05-19,166.24,66.03,268.95,130.08,241.94,333.52,516.21,405.54,64.42,76.92
2022-05-20,167.68,66.49,271.39,128.76,239.47,332.69,524.12,401.87,65.05,76.92
2022-05-23,164.8,65.84,270.41,127.87,233.56,325.65,522.14,395.44,65.24,76.92
2022-05-24,153.78,65.29,257.75,126.1,218.29,318.6,514.23,387.63,64.32,74.55
2022-05-25,157.14,65.56,266.03,126.99,226.17,322.33,518.18,394.06,64.32,75.97
2022-05-26,153.78,64.46,263.11,126.99,228.63,321.09,508.29,383.5,64.69,74.74
2022-05-27,155.7,65.01,271.39,127.87,240.95,331.45,524.12,394.52,65.24,75.97
2022-05-30,161.93,65.84,284.06,130.53,250.81,334.76,540.93,407.38,65.78,80.04
2022-05-31,166.24,66.3,285.03,131.85,255.73,336.42,553.78,408.76,65.78,79.38
2022-06-01,164.32,66.67,313.29,133.18,255.24,339.73,542.91,409.67,65.88,79.57
2022-06-02,165.76,66.76,295.75,130.97,261.15,332.28,534.01,405.54,65.97,78.72
2022-06-06,169.12,66.49,289.9,130.97,249.82,336.83,534.01,411.97,65.78,77.11
2022-06-07,174.38,66.03,294.29,130.08,238.98,332.28,529.06,408.3,65.6,77.2
2022-06-08,167.68,66.49,299.16,131.85,240.46,335.59,537.96,414.27,65.78,76.54
2022-06-09,169.12,65.75,294.29,131.41,242.43,330.2,534.99,413.35,65.51,77.2
2022-06-10,165.28,65.38,288.93,130.97,246.37,325.65,524.12,409.21,65.24,77.49
2022-06-13,159.53,63.99,267.0,128.31,229.62,314.46,510.27,398.19,64.42,75.31
2022-06-14,160.97,63.81,264.57,126.99,231.59,314.05,507.31,393.6,64.87,74.74
2022-06-15,163.37,64.55,262.62,127.43,225.68,308.66,503.35,391.3,65.15,74.83
2022-06-16,159.05,63.81,250.44,124.77,216.81,303.69,505.09,394.52,64.51,67.82
2022-06-17,160.49,63.44,248.98,125.66,203.5,291.67,498.13,396.81,63.78,65.46
2022-06-20,147.56,60.95,229.0,120.79,195.62,282.97,495.15,371.55,63.41,62.61
2022-06-21,149.95,61.87,233.0,123.89,200.55,286.7,502.11,384.87,64.32,65.74
2022-06-22,137.97,59.65,216.5,119.46,184.78,265.99,491.67,362.83,64.14,63.09
2022-06-23,137.97,59.01,219.5,120.35,185.27,270.13,482.72,349.97,64.23,62.8
2022-06-24,134.14,60.3,221.0,123.45,181.82,269.3,483.71,344.46,64.32,63.47
2022-06-27,141.33,60.58,232.5,126.1,191.19,273.44,495.64,356.4,64.6,66.31
2022-06-28,134.62,60.02,227.0,123.45,185.76,261.01,494.65,345.83,64.14,64.41
2022-06-29,137.02,59.01,227.0,123.89,182.81,256.87,488.19,344.0,63.96,64.04
2022-06-30,130.31,57.62,209.0,123.45,173.94,250.24,473.27,333.43,63.05,59.68
2022-07-01,117.37,57.53,192.5,118.58,161.62,239.06,450.9,318.74,62.5,54.85
2022-07-04,116.9,55.96,198.0,115.92,162.61,245.27,437.48,311.85,59.5,53.9
2022-07-05,113.06,56.51,198.0,110.17,164.58,241.96,443.44,297.61,58.8,56.5
2022-07-06,107.79,54.57,190.5,106.19,155.21,230.36,433.0,287.51,58.1,53.9
2022-07-07,112.1,55.59,199.0,106.5,164.58,231.6,454.88,301.29,59.0,55.8
2022-07-08,112.1,57.07,202.5,107.0,163.1,248.59,464.32,307.71,60.2,58.0
2022-07-11,112.58,55.96,200.5,105.5,161.62,249.0,459.35,303.58,59.2,58.1
2022-07-12,107.79,54.67,191.0,104.0,150.78,234.5,446.92,287.97,57.9,54.8
2022-07-13,105.4,55.78,194.5,104.5,154.0,238.5,467.8,287.97,59.0,55.8
2022-07-14,109.71,56.14,201.5,105.0,160.5,241.0,472.28,293.94,59.1,58.3
2022-07-15,111.15,56.79,206.0,105.0,165.0,245.0,489.68,305.42,59.2,59.0
2022-07-18,112.1,57.53,207.5,106.5,166.0,249.0,492.66,317.82,60.8,59.8
2022-07-19,109.23,57.16,203.0,109.0,165.0,250.5,488.19,311.39,61.1,60.9
2022-07-20,113.06,58.36,212.5,110.5,170.0,258.0,492.16,325.17,61.1,62.4
2022-07-21,124.08,59.56,219.0,114.0,180.0,269.5,498.13,341.24,61.2,66.2
2022-07-22,124.56,58.91,213.0,110.0,177.5,266.0,500.12,338.95,61.0,65.8
2022-07-25,122.17,57.53,210.5,112.0,171.5,262.0,496.64,332.52,61.4,65.1
2022-07-26,114.5,57.25,199.5,110.0,167.5,261.5,492.16,323.79,61.4,62.6
2022-07-27,114.98,56.79,202.0,109.0,173.0,264.5,499.12,326.55,61.8,64.5
2022-07-28,113.06,56.51,198.0,107.5,168.5,262.5,498.13,325.17,62.9,63.8
2022-07-29,114.5,57.07,201.0,108.5,172.0,265.0,506.08,314.14,63.8,65.0
2022-08-01,112.5,58.36,204.0,109.0,169.5,262.0,501.11,318.74,63.7,64.8
2022-08-02,109.0,57.25,190.5,107.5,167.0,250.5,489.18,311.39,62.7,63.5
2022-08-03,108.0,57.35,189.0,102.5,165.0,249.5,498.13,315.06,62.7,63.4
2022-08-04,106.5,57.07,191.5,100.5,163.5,247.0,497.14,315.98,62.2,66.7
2022-08-05,114.0,57.71,193.0,101.5,173.5,247.5,513.04,323.33,64.7,67.6
2022-08-08,114.0,57.44,189.5,101.0,174.5,256.5,509.07,321.03,65.3,67.3
2022-08-09,113.5,57.25,190.5,99.7,173.0,260.0,507.08,315.98,65.6,67.4
2022-08-10,111.0,56.98,183.0,97.8,162.0,245.5,497.14,302.66,65.0,66.8
2022-08-11,113.0,57.07,190.0,99.2,173.0,257.5,511.06,309.09,65.3,66.3
2022-08-12,121.5,57.62,200.0,103.0,176.5,261.5,514.04,321.03,65.8,66.2
2022-08-15,124.0,59.01,210.0,104.5,186.0,267.5,520.0,333.43,66.3,67.9
2022-08-16,122.5,59.01,205.0,103.5,185.5,262.0,521.99,331.6,65.9,70.2
2022-08-17,119.5,59.01,206.5,103.0,183.0,265.0,523.98,331.6,65.3,71.0
2022-08-18,124.5,58.91,209.0,103.0,183.0,267.0,517.02,335.27,65.1,70.4
2022-08-19,125.5,60.3,206.0,104.0,183.5,270.0,516.03,334.81,66.1,69.9
2022-08-22,123.5,61.13,200.0,100.5,177.5,266.0,507.08,331.6,66.6,69.3
2022-08-23,121.5,60.48,200.5,99.7,179.0,261.0,501.11,323.79,66.3,68.2
2022-08-24,123.0,60.3,198.5,99.1,178.0,260.0,500.12,315.52,66.2,68.1
2022-08-25,127.5,60.3,208.0,99.9,183.0,269.5,505.09,321.49,66.5,70.1
2022-08-26,126.5,60.5,205.0,100.0,181.0,265.0,509.07,324.71,66.6,71.6
2022-08-29,123.0,59.7,196.0,98.0,171.0,259.0,495.64,314.14,65.3,68.3
2022-08-30,122.5,59.3,196.5,97.0,178.0,258.5,493.16,315.06,65.5,69.1
2022-08-31,125.5,59.3,204.0,97.1,183.0,263.5,502.11,317.82,66.2,69.9
2022-09-01,121.0,58.7,205.5,97.2,173.0,258.5,487.69,305.88,65.5,68.9
2022-09-02,122.0,57.9,201.0,94.0,174.5,258.5,482.22,305.42,65.0,69.7
2022-09-05,118.5,56.6,190.0,91.2,168.0,252.5,483.22,304.04,65.0,67.5
2022-09-06,113.0,56.3,178.5,90.1,166.5,251.5,486.2,303.12,64.7,63.6
2022-09-07,115.0,55.6,171.0,88.8,165.5,254.5,469.79,293.48,63.9,64.4
2022-09-08,117.5,57.6,172.5,90.5,171.0,259.0,472.28,304.5,64.8,68.5
2022-09-12,118.5,57.2,175.0,91.8,177.0,266.5,483.71,313.0,65.6,67.8
2022-09-13,122.5,56.0,176.5,90.5,176.5,263.0,490.18,317.5,66.0,67.0
2022-09-14,123.5,55.4,174.5,88.9,174.0,258.0,477.25,321.5,65.4,67.4
2022-09-15,120.0,55.0,175.5,90.5,169.5,260.5,476.5,315.5,65.7,66.4
2022-09-16,120.0,54.3,170.5,87.5,166.5,253.0,472.0,318.5,67.8,65.5
2022-09-19,120.5,53.2,168.5,88.6,162.5,249.5,467.0,306.0,66.8,65.0
2022-09-20,122.5,53.7,169.0,88.3,163.0,243.5,476.5,305.0,66.0,65.4
2022-09-21,124.0,53.0,168.5,87.1,159.5,243.5,471.0,305.5,65.5,64.4
2022-09-22,124.0,52.4,166.5,86.9,161.0,239.5,464.5,305.5,65.7,64.0
2022-09-23,117.0,53.0,161.5,86.8,154.5,235.5,455.0,303.5,65.3,62.0
2022-09-26,108.5,50.9,149.0,81.0,144.0,222.5,446.5,294.5,63.7,57.9
2022-09-27,113.5,49.95,155.0,82.5,144.5,223.5,448.0,289.0,64.9,59.5
2022-09-28,105.0,48.65,146.0,80.6,135.5,214.5,438.0,271.5,63.4,55.0
2022-09-29,104.5,48.8,147.0,84.1,135.0,213.5,435.0,266.0,64.3,56.0
2022-09-30,108.0,49.25,153.0,83.2,137.0,219.0,422.0,270.0,64.5,57.0
2022-10-03,107.5,49.75,153.0,84.2,139.0,217.5,417.0,269.0,64.0,57.2
2022-10-04,110.0,50.6,158.5,84.7,144.0,228.0,429.0,278.5,64.5,58.6
2022-10-05,113.0,50.5,158.5,83.4,144.0,238.5,445.0,279.5,65.3,57.1
2022-10-06,115.5,50.2,161.0,85.1,146.5,240.5,451.0,278.5,65.8,58.0
2022-10-07,113.0,49.5,157.0,84.2,143.0,238.5,438.0,259.5,66.4,57.2
2022-10-11,107.0,47.35,146.0,79.6,132.5,236.5,401.5,247.0,66.3,54.2
2022-10-12,104.0,47.5,145.5,77.3,134.0,237.0,397.5,242.0,66.0,53.2
2022-10-13,94.1,44.75,137.5,76.4,126.5,233.0,395.0,234.0,64.5,49.1
2022-10-14,103.5,46.3,147.5,81.1,139.0,242.5,412.0,246.0,65.9,53.0
2022-10-17,103.0,46.1,149.0,81.9,139.0,249.0,397.0,251.0,65.5,52.0
2022-10-18,100.5,46.3,152.5,82.6,139.5,243.0,407.0,252.0,66.5,53.6
2022-10-19,99.8,47.05,148.5,82.3,139.0,244.0,395.5,251.5,66.0,53.2
2022-10-20,98.4,48.5,153.0,81.9,137.0,245.5,397.5,253.0,65.9,53.3
2022-10-21,95.0,46.35,146.0,80.9,134.0,246.0,389.5,252.5,64.9,52.1
2022-10-24,97.9,46.55,150.5,80.1,139.5,246.0,387.0,260.0,65.0,53.1
2022-10-25,97.3,46.15,140.0,80.1,137.5,235.5,371.0,251.5,64.5,53.1
2022-10-26,95.7,45.5,137.5,79.3,139.0,235.0,376.0,254.5,65.0,53.8
2022-10-27,101.5,46.2,147.0,81.7,145.5,241.0,385.5,256.5,65.9,55.6
2022-10-28,102.5,45.0,139.0,79.7,140.5,237.0,379.5,255.5,64.4,53.7
2022-10-31,102.5,46.5,151.0,81.2,145.5,241.0,390.0,255.0,64.4,55.1
2022-11-01,104.0,46.6,153.0,81.3,144.5,243.5,391.5,259.5,65.2,55.9
2022-11-02,107.0,47.2,155.5,82.9,145.5,246.0,395.0,262.0,65.5,57.2
2022-11-03,110.5,46.5,159.0,83.0,148.5,245.0,384.0,264.0,65.1,58.0
2022-11-04,111.0,46.2,158.0,79.5,150.5,247.5,382.0,267.0,65.0,57.8
2022-11-07,107.5,47.1,164.5,86.1,151.5,255.5,390.0,274.0,65.0,58.3
2022-11-08,107.5,46.9,169.0,84.6,153.0,259.5,399.0,268.0,65.1,57.3
2022-11-09,109.5,47.95,177.0,86.5,157.0,285.0,417.0,284.0,66.9,58.7
2022-11-10,110.0,47.7,171.0,86.4,158.5,290.0,407.5,283.0,66.5,58.1
2022-11-11,109.5,48.1,175.5,87.1,163.5,298.0,441.5,300.5,66.7,58.1
2022-11-14,111.0,48.6,179.5,87.8,164.5,298.0,445.0,307.5,66.7,58.6
2022-11-15,116.0,49.45,180.5,89.0,167.5,301.0,480.0,315.0,66.4,59.3
2022-11-16,123.0,49.7,192.5,89.0,167.0,307.0,487.0,322.0,66.0,60.4
2022-11-17,121.0,49.5,191.0,89.4,167.5,307.0,485.0,322.5,66.0,61.5
2022-11-18,115.5,49.45,203.0,88.6,164.0,301.5,487.0,321.0,65.8,60.0
2022-11-21,118.0,48.5,207.0,86.4,165.5,298.0,482.0,325.0,65.5,60.3
2022-11-22,122.0,48.0,197.0,87.0,165.5,295.0,491.0,323.5,65.2,58.9
2022-11-23,122.5,48.15,199.0,87.6,164.5,291.0,492.0,327.0,65.5,59.2
2022-11-24,123.5,48.35,213.5,89.7,172.0,302.0,496.0,343.0,66.3,60.7
2022-11-25,120.0,48.45,207.5,88.6,166.5,294.5,498.0,330.5,66.4,60.4
2022-11-28,122.0,48.3,202.0,88.0,164.0,291.5,480.5,321.5,66.8,61.3
2022-11-29,120.5,48.35,199.0,87.9,154.5,293.0,487.0,314.5,67.2,60.7
2022-11-30,121.0,49.0,198.0,89.7,157.0,298.5,490.0,317.0,67.7,63.1
2022-12-01,123.5,50.2,206.5,92.7,160.0,297.0,498.5,333.0,67.9,65.6
